Observer ,SITE NAME,Date,Start Time,GPS waypoint,"Anth Edge, River, Interior, Both 100m",Anth Edge or Interior 100m,50m Anth or Interior,"50m Anth, Riparian, Interior, Both Anth and River",FocAl Age/Sex,Scan,Activity ,Dist to NN (m) with >10m,# NN within 5 m,lat,lon,Anth Distance,Raw River Distance
Ariel Aguirre,La Selva,20240526,850,OHB5001,B,E,E,B,AM,1,R,,,10.43131102,-84.004827,12.966,12.92
Ariel Aguirre,La Selva,20240526,850,OHB5001,B,E,E,B,AM,2,R,,,10.43131102,-84.004827,12.966,12.92
Ariel Aguirre,La Selva,20240526,850,OHB5001,B,E,E,B,AM,3,R,,,10.43131102,-84.004827,12.966,12.92
Ariel Aguirre,La Selva,20240526,850,OHB5001,B,E,E,B,AM,4,R,,,10.43131102,-84.004827,12.966,12.92
Ariel Aguirre,La Selva,20240526,850,OHB5001,B,E,E,B,AM,5,R,,,10.43131102,-84.004827,12.966,12.92
Ariel Aguirre,La Selva,20240526,850,OHB5001,B,E,E,B,AM,6,R,,,10.43131102,-84.004827,12.966,12.92
Ariel Aguirre,La Selva,20240526,850,OHB5001,B,E,E,B,AM,7,R,,,10.43131102,-84.004827,12.966,12.92
Ariel Aguirre,La Selva,20240526,850,OHB5001,B,E,E,B,AM,8,R,,,10.43131102,-84.004827,12.966,12.92
Ariel Aguirre,La Selva,20240526,850,OHB5001,B,E,E,B,AM,9,R,,,10.43131102,-84.004827,12.966,12.92
Ariel Aguirre,La Selva,20240526,850,OHB5001,B,E,E,B,AM,10,R,,,10.43131102,-84.004827,12.966,12.92
Ariel Aguirre,La Selva,20240526,850,OHB5001,B,E,E,B,AM,11,R,,,10.43131102,-84.004827,12.966,12.92
Ariel Aguirre,La Selva,20240526,850,OHB5001,B,E,E,B,AM,12,R,,,10.43131102,-84.004827,12.966,12.92
Ariel Aguirre,La Selva,20240526,850,OHB5001,B,E,E,B,AM,13,R,,,10.43131102,-84.004827,12.966,12.92
Ariel Aguirre,La Selva,20240526,850,OHB5001,B,E,E,B,AM,14,R,,,10.43131102,-84.004827,12.966,12.92
Ariel Aguirre,La Selva,20240526,850,OHB5001,B,E,E,B,AM,15,R,,,10.43131102,-84.004827,12.966,12.92
Ariel Aguirre,La Selva,20240526,922,OHB5002,B,E,I,I,AF,1,R,,,10.433767,-84.004726,94.244,94.334
Ariel Aguirre,La Selva,20240526,922,OHB5002,B,E,I,I,AF,2,R,,,10.433767,-84.004726,94.244,94.334
Ariel Aguirre,La Selva,20240526,922,OHB5002,B,E,I,I,AF,3,R,,,10.433767,-84.004726,94.244,94.334
Ariel Aguirre,La Selva,20240526,922,OHB5002,B,E,I,I,AF,4,R,,,10.433767,-84.004726,94.244,94.334
Ariel Aguirre,La Selva,20240526,922,OHB5002,B,E,I,I,AF,5,R,,,10.433767,-84.004726,94.244,94.334
Ariel Aguirre,La Selva,20240526,922,OHB5002,B,E,I,I,AF,6,R,,,10.433767,-84.004726,94.244,94.334
Ariel Aguirre,La Selva,20240526,922,OHB5002,B,E,I,I,AF,7,R,,,10.433767,-84.004726,94.244,94.334
Ariel Aguirre,La Selva,20240526,922,OHB5002,B,E,I,I,AF,8,R,,,10.433767,-84.004726,94.244,94.334
Ariel Aguirre,La Selva,20240526,922,OHB5002,B,E,I,I,AF,9,R,,,10.433767,-84.004726,94.244,94.334
Ariel Aguirre,La Selva,20240526,922,OHB5002,B,E,I,I,AF,10,R,,,10.433767,-84.004726,94.244,94.334
Ariel Aguirre,La Selva,20240526,922,OHB5002,B,E,I,I,AF,11,R,,,10.433767,-84.004726,94.244,94.334
Ariel Aguirre,La Selva,20240526,922,OHB5002,B,E,I,I,AF,12,R,,,10.433767,-84.004726,94.244,94.334
Ariel Aguirre,La Selva,20240526,922,OHB5002,B,E,I,I,AF,13,R,,,10.433767,-84.004726,94.244,94.334
Ariel Aguirre,La Selva,20240526,922,OHB5002,B,E,I,I,AF,14,R,,,10.433767,-84.004726,94.244,94.334
Ariel Aguirre,La Selva,20240526,922,OHB5002,B,E,I,I,AF,15,R,,,10.433767,-84.004726,94.244,94.334
Ariel Aguirre,La Selva,20240526,954,OHB5003,I,I,I,I,AF,1,R,,,10.43357598,-84.004613,104.617,104.587
Ariel Aguirre,La Selva,20240526,954,OHB5003,I,I,I,I,AF,2,R,,,10.43357598,-84.004613,104.617,104.587
Ariel Aguirre,La Selva,20240526,954,OHB5003,I,I,I,I,AF,3,R,,,10.43357598,-84.004613,104.617,104.587
Ariel Aguirre,La Selva,20240526,954,OHB5003,I,I,I,I,AF,4,L,,,10.43357598,-84.004613,104.617,104.587
Ariel Aguirre,La Selva,20240526,954,OHB5003,I,I,I,I,AF,5,R,,,10.43357598,-84.004613,104.617,104.587
Ariel Aguirre,La Selva,20240526,954,OHB5003,I,I,I,I,AF,6,R,,,10.43357598,-84.004613,104.617,104.587
Ariel Aguirre,La Selva,20240526,954,OHB5003,I,I,I,I,AF,7,R,,,10.43357598,-84.004613,104.617,104.587
Ariel Aguirre,La Selva,20240526,954,OHB5003,I,I,I,I,AF,8,R,,,10.43357598,-84.004613,104.617,104.587
Ariel Aguirre,La Selva,20240526,954,OHB5003,I,I,I,I,AF,9,R,,,10.43357598,-84.004613,104.617,104.587
Ariel Aguirre,La Selva,20240526,954,OHB5003,I,I,I,I,AF,10,R,,,10.43357598,-84.004613,104.617,104.587
Ariel Aguirre,La Selva,20240526,954,OHB5003,I,I,I,I,AF,11,R,,,10.43357598,-84.004613,104.617,104.587
Ariel Aguirre,La Selva,20240526,954,OHB5003,I,I,I,I,AF,12,L,,,10.43357598,-84.004613,104.617,104.587
Ariel Aguirre,La Selva,20240526,954,OHB5003,I,I,I,I,AF,13,OV,,,10.43357598,-84.004613,104.617,104.587
Ariel Aguirre,La Selva,20240526,954,OHB5003,I,I,I,I,AF,14,OV,,,10.43357598,-84.004613,104.617,104.587
Ariel Aguirre,La Selva,20240526,954,OHB5003,I,I,I,I,AF,15,OV,,,10.43357598,-84.004613,104.617,104.587
Ariel Aguirre,La Selva,20240526,1237,OHB5004,E,E,I,I,AF,1,R,,,10.43153398,-84.007693,73.087,235.194
Ariel Aguirre,La Selva,20240526,1237,OHB5004,E,E,I,I,AF,2,R,,,10.43153398,-84.007693,73.087,235.194
Ariel Aguirre,La Selva,20240526,1237,OHB5004,E,E,I,I,AF,3,R,,,10.43153398,-84.007693,73.087,235.194
Ariel Aguirre,La Selva,20240526,1237,OHB5004,E,E,I,I,AF,4,R,,,10.43153398,-84.007693,73.087,235.194
Ariel Aguirre,La Selva,20240526,1237,OHB5004,E,E,I,I,AF,5,R,,,10.43153398,-84.007693,73.087,235.194
Ariel Aguirre,La Selva,20240526,1237,OHB5004,E,E,I,I,AF,6,R,,,10.43153398,-84.007693,73.087,235.194
Ariel Aguirre,La Selva,20240526,1237,OHB5004,E,E,I,I,AF,7,F,,,10.43153398,-84.007693,73.087,235.194
Ariel Aguirre,La Selva,20240526,1237,OHB5004,E,E,I,I,AF,8,R,,,10.43153398,-84.007693,73.087,235.194
Ariel Aguirre,La Selva,20240526,1237,OHB5004,E,E,I,I,AF,9,R,,,10.43153398,-84.007693,73.087,235.194
Ariel Aguirre,La Selva,20240526,1237,OHB5004,E,E,I,I,AF,10,OV,,,10.43153398,-84.007693,73.087,235.194
Ariel Aguirre,La Selva,20240526,1237,OHB5004,E,E,I,I,AF,11,L,,,10.43153398,-84.007693,73.087,235.194
Ariel Aguirre ,La Selva,20240526,1237,OHB5004,E,E,I,I,AF,12,OV,,,10.43153398,-84.007693,73.087,235.194
Ariel Aguirre,La Selva,20240526,1237,OHB5004,E,E,I,I,AF,13,OV,,,10.43153398,-84.007693,73.087,235.194
Ariel Aguirre,La Selva,20240526,1237,OHB5004,E,E,I,I,AF,14,OV,,,10.43153398,-84.007693,73.087,235.194
Ariel Aguirre,La Selva,20240526,1237,OHB5004,E,E,I,I,AF,15,OV,,,10.43153398,-84.007693,73.087,235.194
Ariel Aguirre,La Selva,20240526,1309,OHB5005,E,E,I,I,AM,1,R,,,10.43152501,-84.007679,71.45,234.083
Ariel Aguirre,La Selva,20240526,1309,OHB5005,E,E,I,I,AM,2,R,,,10.43152501,-84.007679,71.45,234.083
Ariel Aguirre,La Selva,20240526,1309,OHB5005,E,E,I,I,AM,3,R,,,10.43152501,-84.007679,71.45,234.083
Ariel Aguirre,La Selva,20240526,1309,OHB5005,E,E,I,I,AM,4,R,,,10.43152501,-84.007679,71.45,234.083
Ariel Aguirre,La Selva,20240526,1309,OHB5005,E,E,I,I,AM,5,R,,,10.43152501,-84.007679,71.45,234.083
Ariel Aguirre,La Selva,20240526,1309,OHB5005,E,E,I,I,AM,6,R,,,10.43152501,-84.007679,71.45,234.083
Ariel Aguirre,La Selva,20240526,1309,OHB5005,E,E,I,I,AM,7,R,,,10.43152501,-84.007679,71.45,234.083
Ariel Aguirre,La Selva,20240526,1309,OHB5005,E,E,I,I,AM,8,R,,,10.43152501,-84.007679,71.45,234.083
Ariel Aguirre,La Selva,20240526,1309,OHB5005,E,E,I,I,AM,9,R,,,10.43152501,-84.007679,71.45,234.083
Ariel Aguirre,La Selva,20240526,1309,OHB5005,E,E,I,I,AM,10,L,,,10.43152501,-84.007679,71.45,234.083
Ariel Aguirre,La Selva,20240526,1309,OHB5005,E,E,I,I,AM,11,L,,,10.43152501,-84.007679,71.45,234.083
Ariel Aguirre,La Selva,20240526,1309,OHB5005,E,E,I,I,AM,12,R,,,10.43152501,-84.007679,71.45,234.083
Ariel Aguirre,La Selva,20240526,1309,OHB5005,E,E,I,I,AM,13,L,,,10.43152501,-84.007679,71.45,234.083
Ariel Aguirre,La Selva,20240526,1309,OHB5005,E,E,I,I,AM,14,R,,,10.43152501,-84.007679,71.45,234.083
Ariel Aguirre,La Selva,20240526,1309,OHB5005,E,E,I,I,AM,15,R,,,10.43152501,-84.007679,71.45,234.083
Ariel Aguirre,La Selva,20240526,1340,OHB5006,E,E,I,I,AF,1,R,,,10.43151503,-84.007699,71.648,236.52
Ariel Aguirre,La Selva,20240526,1340,OHB5006,E,E,I,I,AF,2,L,,,10.43151503,-84.007699,71.648,236.52
Ariel Aguirre,La Selva,20240526,1340,OHB5006,E,E,I,I,AF,3,OV,,,10.43151503,-84.007699,71.648,236.52
Ariel Aguirre,La Selva,20240526,1340,OHB5006,E,E,I,I,AF,4,OV,,,10.43151503,-84.007699,71.648,236.52
Ariel Aguirre,La Selva,20240526,1340,OHB5006,E,E,I,I,AF,5,OV,,,10.43151503,-84.007699,71.648,236.52
Ariel Aguirre,La Selva,20240526,1340,OHB5006,E,E,I,I,AF,6,OV,,,10.43151503,-84.007699,71.648,236.52
Ariel Aguirre,La Selva,20240526,1340,OHB5006,E,E,I,I,AF,7,R,,,10.43151503,-84.007699,71.648,236.52
Ariel Aguirre,La Selva,20240526,1340,OHB5006,E,E,I,I,AF,8,R,,,10.43151503,-84.007699,71.648,236.52
Ariel Aguirre,La Selva,20240526,1340,OHB5006,E,E,I,I,AF,9,R,,,10.43151503,-84.007699,71.648,236.52
Ariel Aguirre,La Selva,20240526,1340,OHB5006,E,E,I,I,AF,10,R,,,10.43151503,-84.007699,71.648,236.52
Ariel Aguirre,La Selva,20240526,1340,OHB5006,E,E,I,I,AF,11,R,,,10.43151503,-84.007699,71.648,236.52
Ariel Aguirre,La Selva,20240526,1340,OHB5006,E,E,I,I,AF,12,F,,,10.43151503,-84.007699,71.648,236.52
Ariel Aguirre,La Selva,20240526,1340,OHB5006,E,E,I,I,AF,13,F,,,10.43151503,-84.007699,71.648,236.52
Ariel Aguirre,La Selva,20240526,1340,OHB5006,E,E,I,I,AF,14,F,,,10.43151503,-84.007699,71.648,236.52
Ariel Aguirre,La Selva,20240526,1340,OHB5006,E,E,I,I,AF,15,F,,,10.43151503,-84.007699,71.648,236.52
Ariel Aguirre,La Selva,20240527,628,OHB5007,E,E,I,I,AM,1,F,,,10.43158804,-84.007716,79.521,235.61
Ariel Aguirre,La Selva,20240527,628,OHB5007,E,E,I,I,AM,2,F,,,10.43158804,-84.007716,79.521,235.61
Ariel Aguirre,La Selva,20240527,628,OHB5007,E,E,I,I,AM,3,F,,,10.43158804,-84.007716,79.521,235.61
Ariel Aguirre,La Selva,20240527,628,OHB5007,E,E,I,I,AM,4,F,,,10.43158804,-84.007716,79.521,235.61
Ariel Aguirre,La Selva,20240527,628,OHB5007,E,E,I,I,AM,5,F,,,10.43158804,-84.007716,79.521,235.61
Ariel Aguirre,La Selva,20240527,628,OHB5007,E,E,I,I,AM,6,F,,,10.43158804,-84.007716,79.521,235.61
Ariel Aguirre,La Selva,20240527,628,OHB5007,E,E,I,I,AM,7,R,,,10.43158804,-84.007716,79.521,235.61
Ariel Aguirre,La Selva,20240527,628,OHB5007,E,E,I,I,AM,8,L,,,10.43158804,-84.007716,79.521,235.61
Ariel Aguirre,La Selva,20240527,628,OHB5007,E,E,I,I,AM,9,R,,,10.43158804,-84.007716,79.521,235.61
Ariel Aguirre,La Selva,20240527,628,OHB5007,E,E,I,I,AM,10,L,,,10.43158804,-84.007716,79.521,235.61
Ariel Aguirre,La Selva,20240527,628,OHB5007,E,E,I,I,AM,11,L,,,10.43158804,-84.007716,79.521,235.61
Ariel Aguirre,La Selva,20240527,628,OHB5007,E,E,I,I,AM,12,OV,,,10.43158804,-84.007716,79.521,235.61
Ariel Aguirre,La Selva,20240527,628,OHB5007,E,E,I,I,AM,13,R,,,10.43158804,-84.007716,79.521,235.61
Ariel Aguirre,La Selva,20240527,628,OHB5007,E,E,I,I,AM,14,F,,,10.43158804,-84.007716,79.521,235.61
Ariel Aguirre,La Selva,20240527,628,OHB5007,E,E,I,I,AM,15,F,,,10.43158804,-84.007716,79.521,235.61
Ariel Aguirre,La Selva,20240527,737,OHB5008,E,E,E,E,AF,1,R,,,10.43147698,-84.003508,0,144.718
Ariel Aguirre,La Selva,20240527,737,OHB5008,E,E,E,E,AF,2,R,,,10.43147698,-84.003508,0,144.718
Ariel Aguirre,La Selva,20240527,737,OHB5008,E,E,E,E,AF,3,R,,,10.43147698,-84.003508,0,144.718
Ariel Aguirre,La Selva,20240527,737,OHB5008,E,E,E,E,AF,4,R,,,10.43147698,-84.003508,0,144.718
Ariel Aguirre,La Selva,20240527,737,OHB5008,E,E,E,E,AF,5,R,,,10.43147698,-84.003508,0,144.718
Ariel Aguirre,La Selva,20240527,737,OHB5008,E,E,E,E,AF,6,R,,,10.43147698,-84.003508,0,144.718
Ariel Aguirre,La Selva,20240527,737,OHB5008,E,E,E,E,AF,7,R,,,10.43147698,-84.003508,0,144.718
Ariel Aguirre,La Selva,20240527,737,OHB5008,E,E,E,E,AF,8,R,,,10.43147698,-84.003508,0,144.718
Ariel Aguirre,La Selva,20240527,737,OHB5008,E,E,E,E,AF,9,R,,,10.43147698,-84.003508,0,144.718
Ariel Aguirre,La Selva,20240527,737,OHB5008,E,E,E,E,AF,10,R,,,10.43147698,-84.003508,0,144.718
Ariel Aguirre,La Selva,20240527,737,OHB5008,E,E,E,E,AF,11,R,,,10.43147698,-84.003508,0,144.718
Ariel Aguirre,La Selva,20240527,737,OHB5008,E,E,E,E,AF,12,R,,,10.43147698,-84.003508,0,144.718
Ariel Aguirre,La Selva,20240527,737,OHB5008,E,E,E,E,AF,13,R,,,10.43147698,-84.003508,0,144.718
Ariel Aguirre,La Selva,20240527,737,OHB5008,E,E,E,E,AF,14,R,,,10.43147698,-84.003508,0,144.718
Ariel Aguirre,La Selva,20240527,737,OHB5008,E,E,E,E,AF,15,R,,,10.43147698,-84.003508,0,144.718
Ariel Aguirre,La Selva,20240527,813,OHB5009,E,E,E,E,AM,1,R,,,10.43150498,-84.003682,0,130.495
Ariel Aguirre,La Selva,20240527,813,OHB5009,E,E,E,E,AM,2,R,,,10.43150498,-84.003682,0,130.495
Ariel Aguirre,La Selva,20240527,813,OHB5009,E,E,E,E,AM,3,L,,,10.43150498,-84.003682,0,130.495
Ariel Aguirre,La Selva,20240527,813,OHB5009,E,E,E,E,AM,4,L,,,10.43150498,-84.003682,0,130.495
Ariel Aguirre,La Selva,20240527,813,OHB5009,E,E,E,E,AM,5,OV,,,10.43150498,-84.003682,0,130.495
Ariel Aguirre,La Selva,20240527,813,OHB5009,E,E,E,E,AM,6,R,,,10.43150498,-84.003682,0,130.495
Ariel Aguirre,La Selva,20240527,813,OHB5009,E,E,E,E,AM,7,R,,,10.43150498,-84.003682,0,130.495
Ariel Aguirre,La Selva,20240527,813,OHB5009,E,E,E,E,AM,8,R,,,10.43150498,-84.003682,0,130.495
Ariel Aguirre,La Selva,20240527,813,OHB5009,E,E,E,E,AM,9,R,,,10.43150498,-84.003682,0,130.495
Ariel Aguirre,La Selva,20240527,813,OHB5009,E,E,E,E,AM,10,R,,,10.43150498,-84.003682,0,130.495
Ariel Aguirre,La Selva,20240527,813,OHB5009,E,E,E,E,AM,11,R,,,10.43150498,-84.003682,0,130.495
Ariel Aguirre,La Selva,20240527,813,OHB5009,E,E,E,E,AM,12,R,,,10.43150498,-84.003682,0,130.495
Ariel Aguirre,La Selva,20240527,813,OHB5009,E,E,E,E,AM,13,R,,,10.43150498,-84.003682,0,130.495
Ariel Aguirre,La Selva,20240527,813,OHB5009,E,E,E,E,AM,14,R,,,10.43150498,-84.003682,0,130.495
Ariel Aguirre,La Selva,20240527,813,OHB5009,E,E,E,E,AM,15,R,,,10.43150498,-84.003682,0,130.495
Ariel Aguirre,La Selva,20240527,845,OHB5010,E,E,E,E,AM,1,R,,,10.431394,-84.003736,0,118.835
Ariel Aguirre,La Selva,20240527,845,OHB5010,E,E,E,E,AM,2,R,,,10.431394,-84.003736,0,118.835
Ariel Aguirre,La Selva,20240527,845,OHB5010,E,E,E,E,AM,3,R,,,10.431394,-84.003736,0,118.835
Ariel Aguirre,La Selva,20240527,845,OHB5010,E,E,E,E,AM,4,R,,,10.431394,-84.003736,0,118.835
Ariel Aguirre,La Selva,20240527,845,OHB5010,E,E,E,E,AM,5,R,,,10.431394,-84.003736,0,118.835
Ariel Aguirre,La Selva,20240527,845,OHB5010,E,E,E,E,AM,6,F,,,10.431394,-84.003736,0,118.835
Ariel Aguirre,La Selva,20240527,845,OHB5010,E,E,E,E,AM,7,OV,,,10.431394,-84.003736,0,118.835
Ariel Aguirre,La Selva,20240527,845,OHB5010,E,E,E,E,AM,8,F,,,10.431394,-84.003736,0,118.835
Ariel Aguirre,La Selva,20240527,845,OHB5010,E,E,E,E,AM,9,OV,,,10.431394,-84.003736,0,118.835
Ariel Aguirre,La Selva,20240527,845,OHB5010,E,E,E,E,AM,10,L,,,10.431394,-84.003736,0,118.835
Ariel Aguirre,La Selva,20240527,845,OHB5010,E,E,E,E,AM,11,L,,,10.431394,-84.003736,0,118.835
Ariel Aguirre,La Selva,20240527,845,OHB5010,E,E,E,E,AM,12,OV,,,10.431394,-84.003736,0,118.835
Ariel Aguirre,La Selva,20240527,845,OHB5010,E,E,E,E,AM,13,OV,,,10.431394,-84.003736,0,118.835
Ariel Aguirre,La Selva,20240527,845,OHB5010,E,E,E,E,AM,14,R,,,10.431394,-84.003736,0,118.835
Ariel Aguirre,La Selva,20240527,845,OHB5010,E,E,E,E,AM,15,L,,,10.431394,-84.003736,0,118.835
Ariel Aguirre,La Selva,20240527,950,OHB5011,B,E,E,B,AF,1,L,,,10.43168301,-84.005643,0,21.419
Ariel Aguirre,La Selva,20240527,950,OHB5011,B,E,E,B,AF,2,F,,,10.43168301,-84.005643,0,21.419
Ariel Aguirre,La Selva,20240527,950,OHB5011,B,E,E,B,AF,3,F,,,10.43168301,-84.005643,0,21.419
Ariel Aguirre,La Selva,20240527,950,OHB5011,B,E,E,B,AF,4,F,,,10.43168301,-84.005643,0,21.419
Ariel Aguirre,La Selva,20240527,950,OHB5011,B,E,E,B,AF,5,F,,,10.43168301,-84.005643,0,21.419
Ariel Aguirre,La Selva,20240527,950,OHB5011,B,E,E,B,AF,6,L,,,10.43168301,-84.005643,0,21.419
Ariel Aguirre,La Selva,20240527,950,OHB5011,B,E,E,B,AF,7,L,,,10.43168301,-84.005643,0,21.419
Ariel Aguirre,La Selva,20240527,950,OHB5011,B,E,E,B,AF,8,R,,,10.43168301,-84.005643,0,21.419
Ariel Aguirre,La Selva,20240527,950,OHB5011,B,E,E,B,AF,9,R,,,10.43168301,-84.005643,0,21.419
Ariel Aguirre,La Selva,20240527,950,OHB5011,B,E,E,B,AF,10,R,,,10.43168301,-84.005643,0,21.419
Ariel Aguirre,La Selva,20240527,950,OHB5011,B,E,E,B,AF,11,R,,,10.43168301,-84.005643,0,21.419
Ariel Aguirre,La Selva,20240527,950,OHB5011,B,E,E,B,AF,12,R,,,10.43168301,-84.005643,0,21.419
Ariel Aguirre,La Selva,20240527,950,OHB5011,B,E,E,B,AF,13,R,,,10.43168301,-84.005643,0,21.419
Ariel Aguirre,La Selva,20240527,950,OHB5011,B,E,E,B,AF,14,OV,,,10.43168301,-84.005643,0,21.419
Ariel Aguirre,La Selva,20240527,950,OHB5011,B,E,E,B,AF,15,OV,,,10.43168301,-84.005643,0,21.419
Ariel Aguirre,La Selva,20240527,1140,OHB5012,B,E,E,B,AF,1,R,,,10.43135201,-84.005349,5.929,5.929
Ariel Aguirre,La Selva,20240527,1140,OHB5012,B,E,E,B,AF,2,R,,,10.43135201,-84.005349,5.929,5.929
Ariel Aguirre,La Selva,20240527,1140,OHB5012,B,E,E,B,AF,3,R,,,10.43135201,-84.005349,5.929,5.929
Ariel Aguirre,La Selva,20240527,1140,OHB5012,B,E,E,B,AF,4,R,,,10.43135201,-84.005349,5.929,5.929
Ariel Aguirre,La Selva,20240527,1140,OHB5012,B,E,E,B,AF,5,R,,,10.43135201,-84.005349,5.929,5.929
Ariel Aguirre,La Selva,20240527,1140,OHB5012,B,E,E,B,AF,6,R,,,10.43135201,-84.005349,5.929,5.929
Ariel Aguirre,La Selva,20240527,1140,OHB5012,B,E,E,B,AF,7,R,,,10.43135201,-84.005349,5.929,5.929
Ariel Aguirre,La Selva,20240527,1140,OHB5012,B,E,E,B,AF,8,R,,,10.43135201,-84.005349,5.929,5.929
Ariel Aguirre,La Selva,20240527,1140,OHB5012,B,E,E,B,AF,9,R,,,10.43135201,-84.005349,5.929,5.929
Ariel Aguirre,La Selva,20240527,1140,OHB5012,B,E,E,B,AF,10,R,,,10.43135201,-84.005349,5.929,5.929
Ariel Aguirre,La Selva,20240527,1140,OHB5012,B,E,E,B,AF,11,R,,,10.43135201,-84.005349,5.929,5.929
Ariel Aguirre,La Selva,20240527,1140,OHB5012,B,E,E,B,AF,12,R,,,10.43135201,-84.005349,5.929,5.929
Ariel Aguirre,La Selva,20240527,1140,OHB5012,B,E,E,B,AF,13,R,,,10.43135201,-84.005349,5.929,5.929
Ariel Aguirre,La Selva,20240527,1140,OHB5012,B,E,E,B,AF,14,R,,,10.43135201,-84.005349,5.929,5.929
Ariel Aguirre,La Selva,20240527,1140,OHB5012,B,E,E,B,AF,15,R,,,10.43135201,-84.005349,5.929,5.929
Ariel Aguirre,La Selva,20240527,1210,OHB5013,B,E,E,B,AF,1,R,,,10.43175803,-84.005525,6.191,6.251
Ariel Aguirre,La Selva,20240527,1210,OHB5013,B,E,E,B,AF,2,R,,,10.43175803,-84.005525,6.191,6.251
Ariel Aguirre,La Selva,20240527,1210,OHB5013,B,E,E,B,AF,3,R,,,10.43175803,-84.005525,6.191,6.251
Ariel Aguirre,La Selva,20240527,1210,OHB5013,B,E,E,B,AF,4,R,,,10.43175803,-84.005525,6.191,6.251
Ariel Aguirre,La Selva,20240527,1210,OHB5013,B,E,E,B,AF,5,L,,,10.43175803,-84.005525,6.191,6.251
Ariel Aguirre,La Selva,20240527,1210,OHB5013,B,E,E,B,AF,6,R,,,10.43175803,-84.005525,6.191,6.251
Ariel Aguirre,La Selva,20240527,1210,OHB5013,B,E,E,B,AF,7,R,,,10.43175803,-84.005525,6.191,6.251
Ariel Aguirre,La Selva,20240527,1210,OHB5013,B,E,E,B,AF,8,R,,,10.43175803,-84.005525,6.191,6.251
Ariel Aguirre,La Selva,20240527,1210,OHB5013,B,E,E,B,AF,9,R,,,10.43175803,-84.005525,6.191,6.251
Ariel Aguirre,La Selva,20240527,1210,OHB5013,B,E,E,B,AF,10,R,,,10.43175803,-84.005525,6.191,6.251
Ariel Aguirre,La Selva,20240527,1210,OHB5013,B,E,E,B,AF,11,R,,,10.43175803,-84.005525,6.191,6.251
Ariel Aguirre,La Selva,20240527,1210,OHB5013,B,E,E,B,AF,12,R,,,10.43175803,-84.005525,6.191,6.251
Ariel Aguirre,La Selva,20240527,1210,OHB5013,B,E,E,B,AF,13,R,,,10.43175803,-84.005525,6.191,6.251
Ariel Aguirre,La Selva,20240527,1210,OHB5013,B,E,E,B,AF,14,R,,,10.43175803,-84.005525,6.191,6.251
Ariel Aguirre,La Selva,20240527,1210,OHB5013,B,E,E,B,AF,15,R,,,10.43175803,-84.005525,6.191,6.251
Ariel Aguirre,La Selva,20240527,1324,OHB5014,B,E,E,B,AM,1,R,,,10.43176004,-84.005536,5.974,7.265
Ariel Aguirre,La Selva,20240527,1324,OHB5014,B,E,E,B,AM,2,R,,,10.43176004,-84.005536,5.974,7.265
Ariel Aguirre,La Selva,20240527,1324,OHB5014,B,E,E,B,AM,3,R,,,10.43176004,-84.005536,5.974,7.265
Ariel Aguirre,La Selva,20240527,1324,OHB5014,B,E,E,B,AM,4,R,,,10.43176004,-84.005536,5.974,7.265
Ariel Aguirre,La Selva,20240527,1324,OHB5014,B,E,E,B,AM,5,R,,,10.43176004,-84.005536,5.974,7.265
Ariel Aguirre,La Selva,20240527,1324,OHB5014,B,E,E,B,AM,6,R,,,10.43176004,-84.005536,5.974,7.265
Ariel Aguirre,La Selva,20240527,1324,OHB5014,B,E,E,B,AM,7,R,,,10.43176004,-84.005536,5.974,7.265
Ariel Aguirre,La Selva,20240527,1324,OHB5014,B,E,E,B,AM,8,R,,,10.43176004,-84.005536,5.974,7.265
Ariel Aguirre,La Selva,20240527,1324,OHB5014,B,E,E,B,AM,9,R,,,10.43176004,-84.005536,5.974,7.265
Ariel Aguirre,La Selva,20240527,1324,OHB5014,B,E,E,B,AM,10,R,,,10.43176004,-84.005536,5.974,7.265
Ariel Aguirre,La Selva,20240527,1324,OHB5014,B,E,E,B,AM,11,R,,,10.43176004,-84.005536,5.974,7.265
Ariel Aguirre,La Selva,20240527,1324,OHB5014,B,E,E,B,AM,12,R,,,10.43176004,-84.005536,5.974,7.265
Ariel Aguirre,La Selva,20240527,1324,OHB5014,B,E,E,B,AM,13,R,,,10.43176004,-84.005536,5.974,7.265
Ariel Aguirre,La Selva,20240527,1324,OHB5014,B,E,E,B,AM,14,R,,,10.43176004,-84.005536,5.974,7.265
Ariel Aguirre,La Selva,20240527,1324,OHB5014,B,E,E,B,AM,15,R,,,10.43176004,-84.005536,5.974,7.265
Ariel Aguirre,La Selva,20240527,1355,OHB5015,B,E,E,B,AF,1,R,,,10.43176004,-84.005536,5.974,7.265
Ariel Aguirre,La Selva,20240527,1355,OHB5015,B,E,E,B,AF,2,R,,,10.43176004,-84.005536,5.974,7.265
Ariel Aguirre,La Selva,20240527,1355,OHB5015,B,E,E,B,AF,3,R,,,10.43176004,-84.005536,5.974,7.265
Ariel Aguirre,La Selva,20240527,1355,OHB5015,B,E,E,B,AF,4,R,,,10.43176004,-84.005536,5.974,7.265
Ariel Aguirre,La Selva,20240527,1355,OHB5015,B,E,E,B,AF,5,R,,,10.43176004,-84.005536,5.974,7.265
Ariel Aguirre,La Selva,20240527,1355,OHB5015,B,E,E,B,AF,6,R,,,10.43176004,-84.005536,5.974,7.265
Ariel Aguirre,La Selva,20240527,1355,OHB5015,B,E,E,B,AF,7,R,,,10.43176004,-84.005536,5.974,7.265
Ariel Aguirre,La Selva,20240527,1355,OHB5015,B,E,E,B,AF,8,R,,,10.43176004,-84.005536,5.974,7.265
Ariel Aguirre,La Selva,20240527,1355,OHB5015,B,E,E,B,AF,9,R,,,10.43176004,-84.005536,5.974,7.265
Ariel Aguirre,La Selva,20240527,1355,OHB5015,B,E,E,B,AF,10,R,,,10.43176004,-84.005536,5.974,7.265
Ariel Aguirre,La Selva,20240527,1355,OHB5015,B,E,E,B,AF,11,R,,,10.43176004,-84.005536,5.974,7.265
Ariel Aguirre,La Selva,20240527,1355,OHB5015,B,E,E,B,AF,12,R,,,10.43176004,-84.005536,5.974,7.265
Ariel Aguirre,La Selva,20240527,1355,OHB5015,B,E,E,B,AF,13,R,,,10.43176004,-84.005536,5.974,7.265
Ariel Aguirre,La Selva,20240527,1355,OHB5015,B,E,E,B,AF,14,R,,,10.43176004,-84.005536,5.974,7.265
Ariel Aguirre,La Selva,20240527,1355,OHB5015,B,E,E,B,AF,15,R,,,10.43176004,-84.005536,5.974,7.265
Ariel Aguirre,La Selva,20240527,1445,OHB5016,B,E,E,B,AM,1,R,,,10.43189901,-84.005709,10.878,18.164
Ariel Aguirre,La Selva,20240527,1445,OHB5016,B,E,E,B,AM,2,R,,,10.43189901,-84.005709,10.878,18.164
Ariel Aguirre,La Selva,20240527,1445,OHB5016,B,E,E,B,AM,3,L,,,10.43189901,-84.005709,10.878,18.164
Ariel Aguirre,La Selva,20240527,1445,OHB5016,B,E,E,B,AM,4,R,,,10.43189901,-84.005709,10.878,18.164
Ariel Aguirre,La Selva,20240527,1445,OHB5016,B,E,E,B,AM,5,R,,,10.43189901,-84.005709,10.878,18.164
Ariel Aguirre,La Selva,20240527,1445,OHB5016,B,E,E,B,AM,6,R,,,10.43189901,-84.005709,10.878,18.164
Ariel Aguirre,La Selva,20240527,1445,OHB5016,B,E,E,B,AM,7,L,,,10.43189901,-84.005709,10.878,18.164
Ariel Aguirre,La Selva,20240527,1445,OHB5016,B,E,E,B,AM,8,L,,,10.43189901,-84.005709,10.878,18.164
Ariel Aguirre,La Selva,20240527,1445,OHB5016,B,E,E,B,AM,9,L,,,10.43189901,-84.005709,10.878,18.164
Ariel Aguirre,La Selva,20240527,1445,OHB5016,B,E,E,B,AM,10,R,,,10.43189901,-84.005709,10.878,18.164
Ariel Aguirre,La Selva,20240527,1445,OHB5016,B,E,E,B,AM,11,OV,,,10.43189901,-84.005709,10.878,18.164
Ariel Aguirre,La Selva,20240527,1445,OHB5016,B,E,E,B,AM,12,OV,,,10.43189901,-84.005709,10.878,18.164
Ariel Aguirre,La Selva,20240527,1445,OHB5016,B,E,E,B,AM,13,OV,,,10.43189901,-84.005709,10.878,18.164
Ariel Aguirre,La Selva,20240527,1445,OHB5016,B,E,E,B,AM,14,OV,,,10.43189901,-84.005709,10.878,18.164
Ariel Aguirre,La Selva,20240527,1445,OHB5016,B,E,E,B,AM,15,OV,,,10.43189901,-84.005709,10.878,18.164
Ariel Aguirre,La Selva,20240528,834,OHB5017,B,E,I,I,AM,1,R,,,10.42724404,-84.00324,92.993,93.024
Ariel Aguirre,La Selva,20240528,834,OHB5017,B,E,I,I,AM,2,R,,,10.42724404,-84.00324,92.993,93.024
Ariel Aguirre,La Selva,20240528,834,OHB5017,B,E,I,I,AM,3,R,,,10.42724404,-84.00324,92.993,93.024
Ariel Aguirre,La Selva,20240528,834,OHB5017,B,E,I,I,AM,4,R,,,10.42724404,-84.00324,92.993,93.024
Ariel Aguirre,La Selva,20240528,834,OHB5017,B,E,I,I,AM,5,R,,,10.42724404,-84.00324,92.993,93.024
Ariel Aguirre,La Selva,20240528,834,OHB5017,B,E,I,I,AM,6,R,,,10.42724404,-84.00324,92.993,93.024
Ariel Aguirre,La Selva,20240528,834,OHB5017,B,E,I,I,AM,7,R,,,10.42724404,-84.00324,92.993,93.024
Ariel Aguirre,La Selva,20240528,834,OHB5017,B,E,I,I,AM,8,R,,,10.42724404,-84.00324,92.993,93.024
Ariel Aguirre,La Selva,20240528,834,OHB5017,B,E,I,I,AM,9,R,,,10.42724404,-84.00324,92.993,93.024
Ariel Aguirre,La Selva,20240528,834,OHB5017,B,E,I,I,AM,10,R,,,10.42724404,-84.00324,92.993,93.024
Ariel Aguirre,La Selva,20240528,834,OHB5017,B,E,I,I,AM,11,R,,,10.42724404,-84.00324,92.993,93.024
Ariel Aguirre,La Selva,20240528,834,OHB5017,B,E,I,I,AM,12,R,,,10.42724404,-84.00324,92.993,93.024
Ariel Aguirre,La Selva,20240528,834,OHB5017,B,E,I,I,AM,13,R,,,10.42724404,-84.00324,92.993,93.024
Ariel Aguirre,La Selva,20240528,834,OHB5017,B,E,I,I,AM,14,R,,,10.42724404,-84.00324,92.993,93.024
Ariel Aguirre,La Selva,20240528,834,OHB5017,B,E,I,I,AM,15,R,,,10.42724404,-84.00324,92.993,93.024
Ariel Aguirre,La Selva,20240528,907,OHB5018,B,E,I,I,AF,1,R,,,10.42720699,-84.003216,96.094,96.203
Ariel Aguirre,La Selva,20240528,907,OHB5018,B,E,I,I,AF,2,R,,,10.42720699,-84.003216,96.094,96.203
Ariel Aguirre,La Selva,20240528,907,OHB5018,B,E,I,I,AF,3,R,,,10.42720699,-84.003216,96.094,96.203
Ariel Aguirre,La Selva,20240528,907,OHB5018,B,E,I,I,AF,4,R,,,10.42720699,-84.003216,96.094,96.203
Ariel Aguirre,La Selva,20240528,907,OHB5018,B,E,I,I,AF,5,R,,,10.42720699,-84.003216,96.094,96.203
Ariel Aguirre,La Selva,20240528,907,OHB5018,B,E,I,I,AF,6,R,,,10.42720699,-84.003216,96.094,96.203
Ariel Aguirre,La Selva,20240528,907,OHB5018,B,E,I,I,AF,7,R,,,10.42720699,-84.003216,96.094,96.203
Ariel Aguirre,La Selva,20240528,907,OHB5018,B,E,I,I,AF,8,R,,,10.42720699,-84.003216,96.094,96.203
Ariel Aguirre,La Selva,20240528,907,OHB5018,B,E,I,I,AF,9,R,,,10.42720699,-84.003216,96.094,96.203
Ariel Aguirre,La Selva,20240528,907,OHB5018,B,E,I,I,AF,10,R,,,10.42720699,-84.003216,96.094,96.203
Ariel Aguirre,La Selva,20240528,907,OHB5018,B,E,I,I,AF,11,R,,,10.42720699,-84.003216,96.094,96.203
Ariel Aguirre,La Selva,20240528,907,OHB5018,B,E,I,I,AF,12,R,,,10.42720699,-84.003216,96.094,96.203
Ariel Aguirre,La Selva,20240528,907,OHB5018,B,E,I,I,AF,13,R,,,10.42720699,-84.003216,96.094,96.203
Ariel Aguirre,La Selva,20240528,907,OHB5018,B,E,I,I,AF,14,R,,,10.42720699,-84.003216,96.094,96.203
Ariel Aguirre,La Selva,20240528,907,OHB5018,B,E,I,I,AF,15,R,,,10.42720699,-84.003216,96.094,96.203
Ariel Aguirre,La Selva,20240528,1050,OHB5019,B,E,I,I,AM,1,R,,,10.42721001,-84.003191,95.021,95.181
Ariel Aguirre,La Selva,20240528,1050,OHB5019,B,E,I,I,AM,2,R,,,10.42721001,-84.003191,95.021,95.181
Ariel Aguirre,La Selva,20240528,1050,OHB5019,B,E,I,I,AM,3,R,,,10.42721001,-84.003191,95.021,95.181
Ariel Aguirre,La Selva,20240528,1050,OHB5019,B,E,I,I,AM,4,R,,,10.42721001,-84.003191,95.021,95.181
Ariel Aguirre,La Selva,20240528,1050,OHB5019,B,E,I,I,AM,5,R,,,10.42721001,-84.003191,95.021,95.181
Ariel Aguirre,La Selva,20240528,1050,OHB5019,B,E,I,I,AM,6,R,,,10.42721001,-84.003191,95.021,95.181
Ariel Aguirre,La Selva,20240528,1050,OHB5019,B,E,I,I,AM,7,R,,,10.42721001,-84.003191,95.021,95.181
Ariel Aguirre,La Selva,20240528,1050,OHB5019,B,E,I,I,AM,8,R,,,10.42721001,-84.003191,95.021,95.181
Ariel Aguirre,La Selva,20240528,1050,OHB5019,B,E,I,I,AM,9,R,,,10.42721001,-84.003191,95.021,95.181
Ariel Aguirre,La Selva,20240528,1050,OHB5019,B,E,I,I,AM,10,R,,,10.42721001,-84.003191,95.021,95.181
Ariel Aguirre,La Selva,20240528,1050,OHB5019,B,E,I,I,AM,11,R,,,10.42721001,-84.003191,95.021,95.181
Ariel Aguirre,La Selva,20240528,1050,OHB5019,B,E,I,I,AM,12,O,,,10.42721001,-84.003191,95.021,95.181
Ariel Aguirre,La Selva,20240528,1050,OHB5019,B,E,I,I,AM,13,R,,,10.42721001,-84.003191,95.021,95.181
Ariel Aguirre,La Selva,20240528,1050,OHB5019,B,E,I,I,AM,14,R,,,10.42721001,-84.003191,95.021,95.181
Ariel Aguirre,La Selva,20240528,1050,OHB5019,B,E,I,I,AM,15,R,,,10.42721001,-84.003191,95.021,95.181
Ariel Aguirre,La Selva,20240529,809,OHB5020,B,E,E,B,AF,1,R,,,10.43196397,-84.005803,19.433,24.541
Ariel Aguirre,La Selva,20240529,809,OHB5020,B,E,E,B,AF,2,F,,,10.43196397,-84.005803,19.433,24.541
Ariel Aguirre,La Selva,20240529,809,OHB5020,B,E,E,B,AF,3,F,,,10.43196397,-84.005803,19.433,24.541
Ariel Aguirre,La Selva,20240529,809,OHB5020,B,E,E,B,AF,4,F,,,10.43196397,-84.005803,19.433,24.541
Ariel Aguirre,La Selva,20240529,809,OHB5020,B,E,E,B,AF,5,F,,,10.43196397,-84.005803,19.433,24.541
Ariel Aguirre,La Selva,20240529,809,OHB5020,B,E,E,B,AF,6,F,,,10.43196397,-84.005803,19.433,24.541
Ariel Aguirre,La Selva,20240529,809,OHB5020,B,E,E,B,AF,7,F,,,10.43196397,-84.005803,19.433,24.541
Ariel Aguirre,La Selva,20240529,809,OHB5020,B,E,E,B,AF,8,R,,,10.43196397,-84.005803,19.433,24.541
Ariel Aguirre,La Selva,20240529,809,OHB5020,B,E,E,B,AF,9,R,,,10.43196397,-84.005803,19.433,24.541
Ariel Aguirre,La Selva,20240529,809,OHB5020,B,E,E,B,AF,10,R,,,10.43196397,-84.005803,19.433,24.541
Ariel Aguirre,La Selva,20240529,809,OHB5020,B,E,E,B,AF,11,R,,,10.43196397,-84.005803,19.433,24.541
Ariel Aguirre,La Selva,20240529,809,OHB5020,B,E,E,B,AF,12,F,,,10.43196397,-84.005803,19.433,24.541
Ariel Aguirre,La Selva,20240529,809,OHB5020,B,E,E,B,AF,13,R,,,10.43196397,-84.005803,19.433,24.541
Ariel Aguirre,La Selva,20240529,809,OHB5020,B,E,E,B,AF,14,R,,,10.43196397,-84.005803,19.433,24.541
Ariel Aguirre,La Selva,20240529,809,OHB5020,B,E,E,B,AF,15,R,,,10.43196397,-84.005803,19.433,24.541
Ariel Aguirre,La Selva,20240529,840,OHB5021,B,E,E,B,AF,1,L,,,10.43196397,-84.005803,19.433,24.541
Ariel Aguirre,La Selva,20240529,840,OHB5021,B,E,E,B,AF,2,F,,,10.43196397,-84.005803,19.433,24.541
Ariel Aguirre,La Selva,20240529,840,OHB5021,B,E,E,B,AF,3,F,,,10.43196397,-84.005803,19.433,24.541
Ariel Aguirre,La Selva,20240529,840,OHB5021,B,E,E,B,AF,4,L,,,10.43196397,-84.005803,19.433,24.541
Ariel Aguirre,La Selva,20240529,840,OHB5021,B,E,E,B,AF,5,F,,,10.43196397,-84.005803,19.433,24.541
Ariel Aguirre,La Selva,20240529,840,OHB5021,B,E,E,B,AF,6,R,,,10.43196397,-84.005803,19.433,24.541
Ariel Aguirre,La Selva,20240529,840,OHB5021,B,E,E,B,AF,7,F,,,10.43196397,-84.005803,19.433,24.541
Ariel Aguirre,La Selva,20240529,840,OHB5021,B,E,E,B,AF,8,L,,,10.43196397,-84.005803,19.433,24.541
Ariel Aguirre,La Selva,20240529,840,OHB5021,B,E,E,B,AF,9,L,,,10.43196397,-84.005803,19.433,24.541
Ariel Aguirre,La Selva,20240529,840,OHB5021,B,E,E,B,AF,10,L,,,10.43196397,-84.005803,19.433,24.541
Ariel Aguirre,La Selva,20240529,840,OHB5021,B,E,E,B,AF,11,OV,,,10.43196397,-84.005803,19.433,24.541
Ariel Aguirre,La Selva,20240529,840,OHB5021,B,E,E,B,AF,12,OV,,,10.43196397,-84.005803,19.433,24.541
Ariel Aguirre,La Selva,20240529,840,OHB5021,B,E,E,B,AF,13,OV,,,10.43196397,-84.005803,19.433,24.541
Ariel Aguirre,La Selva,20240529,840,OHB5021,B,E,E,B,AF,14,OV,,,10.43196397,-84.005803,19.433,24.541
Ariel Aguirre,La Selva,20240529,840,OHB5021,B,E,E,B,AF,15,OV,,,10.43196397,-84.005803,19.433,24.541
Ariel Aguirre,La Selva,20240529,913,OHB5022,I,I,I,I,AF,1,R,,,10.43391997,-84.008117,147.547,147.598
Ariel Aguirre,La Selva,20240529,913,OHB5022,I,I,I,I,AF,2,R,,,10.43391997,-84.008117,147.547,147.598
Ariel Aguirre,La Selva,20240529,913,OHB5022,I,I,I,I,AF,3,R,,,10.43391997,-84.008117,147.547,147.598
Ariel Aguirre,La Selva,20240529,913,OHB5022,I,I,I,I,AF,4,R,,,10.43391997,-84.008117,147.547,147.598
Ariel Aguirre,La Selva,20240529,913,OHB5022,I,I,I,I,AF,5,R,,,10.43391997,-84.008117,147.547,147.598
Ariel Aguirre,La Selva,20240529,913,OHB5022,I,I,I,I,AF,6,R,,,10.43391997,-84.008117,147.547,147.598
Ariel Aguirre,La Selva,20240529,913,OHB5022,I,I,I,I,AF,7,R,,,10.43391997,-84.008117,147.547,147.598
Ariel Aguirre,La Selva,20240529,913,OHB5022,I,I,I,I,AF,8,R,,,10.43391997,-84.008117,147.547,147.598
Ariel Aguirre,La Selva,20240529,913,OHB5022,I,I,I,I,AF,9,R,,,10.43391997,-84.008117,147.547,147.598
Ariel Aguirre,La Selva,20240529,913,OHB5022,I,I,I,I,AF,10,R,,,10.43391997,-84.008117,147.547,147.598
Ariel Aguirre,La Selva,20240529,913,OHB5022,I,I,I,I,AF,11,R,,,10.43391997,-84.008117,147.547,147.598
Ariel Aguirre,La Selva,20240529,913,OHB5022,I,I,I,I,AF,12,R,,,10.43391997,-84.008117,147.547,147.598
Ariel Aguirre,La Selva,20240529,913,OHB5022,I,I,I,I,AF,13,R,,,10.43391997,-84.008117,147.547,147.598
Ariel Aguirre,La Selva,20240529,913,OHB5022,I,I,I,I,AF,14,R,,,10.43391997,-84.008117,147.547,147.598
Ariel Aguirre,La Selva,20240529,913,OHB5022,I,I,I,I,AF,15,R,,,10.43391997,-84.008117,147.547,147.598
Ariel Aguirre,La Selva,20240529,944,OHB5023,I,I,I,I,AF,1,R,,,10.43384898,-84.008104,152.675,152.745
Ariel Aguirre,La Selva,20240529,944,OHB5023,I,I,I,I,AF,2,L,,,10.43384898,-84.008104,152.675,152.745
Ariel Aguirre,La Selva,20240529,944,OHB5023,I,I,I,I,AF,3,OV,,,10.43384898,-84.008104,152.675,152.745
Ariel Aguirre,La Selva,20240529,944,OHB5023,I,I,I,I,AF,4,F,,,10.43384898,-84.008104,152.675,152.745
Ariel Aguirre,La Selva,20240529,944,OHB5023,I,I,I,I,AF,5,F,,,10.43384898,-84.008104,152.675,152.745
Ariel Aguirre,La Selva,20240529,944,OHB5023,I,I,I,I,AF,6,F,,,10.43384898,-84.008104,152.675,152.745
Ariel Aguirre,La Selva,20240529,944,OHB5023,I,I,I,I,AF,7,F,,,10.43384898,-84.008104,152.675,152.745
Ariel Aguirre,La Selva,20240529,944,OHB5023,I,I,I,I,AF,8,F,,,10.43384898,-84.008104,152.675,152.745
Ariel Aguirre,La Selva,20240529,944,OHB5023,I,I,I,I,AF,9,F,,,10.43384898,-84.008104,152.675,152.745
Ariel Aguirre,La Selva,20240529,944,OHB5023,I,I,I,I,AF,10,L,,,10.43384898,-84.008104,152.675,152.745
Ariel Aguirre,La Selva,20240529,944,OHB5023,I,I,I,I,AF,11,OV,,,10.43384898,-84.008104,152.675,152.745
Ariel Aguirre,La Selva,20240529,944,OHB5023,I,I,I,I,AF,12,OV,,,10.43384898,-84.008104,152.675,152.745
Ariel Aguirre,La Selva,20240529,944,OHB5023,I,I,I,I,AF,13,OV,,,10.43384898,-84.008104,152.675,152.745
Ariel Aguirre,La Selva,20240529,944,OHB5023,I,I,I,I,AF,14,OV,,,10.43384898,-84.008104,152.675,152.745
Ariel Aguirre,La Selva,20240529,944,OHB5023,I,I,I,I,AF,15,OV,,,10.43384898,-84.008104,152.675,152.745
Ariel Aguirre,La Selva,20240529,1023,OHB5024,I,I,I,I,A,1,R,,,10.43381,-84.008072,153.767,153.748
Ariel Aguirre,La Selva,20240529,1023,OHB5024,I,I,I,I,A,2,R,,,10.43381,-84.008072,153.767,153.748
Ariel Aguirre,La Selva,20240529,1023,OHB5024,I,I,I,I,A,3,R,,,10.43381,-84.008072,153.767,153.748
Ariel Aguirre,La Selva,20240529,1023,OHB5024,I,I,I,I,A,4,R,,,10.43381,-84.008072,153.767,153.748
Ariel Aguirre,La Selva,20240529,1023,OHB5024,I,I,I,I,A,5,R,,,10.43381,-84.008072,153.767,153.748
Ariel Aguirre,La Selva,20240529,1023,OHB5024,I,I,I,I,A,6,R,,,10.43381,-84.008072,153.767,153.748
Ariel Aguirre,La Selva,20240529,1023,OHB5024,I,I,I,I,A,7,R,,,10.43381,-84.008072,153.767,153.748
Ariel Aguirre,La Selva,20240529,1023,OHB5024,I,I,I,I,A,8,O,,,10.43381,-84.008072,153.767,153.748
Ariel Aguirre,La Selva,20240529,1023,OHB5024,I,I,I,I,A,9,R,,,10.43381,-84.008072,153.767,153.748
Ariel Aguirre,La Selva,20240529,1023,OHB5024,I,I,I,I,A,10,R,,,10.43381,-84.008072,153.767,153.748
Ariel Aguirre,La Selva,20240529,1023,OHB5024,I,I,I,I,A,11,R,,,10.43381,-84.008072,153.767,153.748
Ariel Aguirre,La Selva,20240529,1023,OHB5024,I,I,I,I,A,12,R,,,10.43381,-84.008072,153.767,153.748
Ariel Aguirre,La Selva,20240529,1023,OHB5024,I,I,I,I,A,13,R,,,10.43381,-84.008072,153.767,153.748
Ariel Aguirre,La Selva,20240529,1023,OHB5024,I,I,I,I,A,14,R,,,10.43381,-84.008072,153.767,153.748
Ariel Aguirre,La Selva,20240529,1023,OHB5024,I,I,I,I,A,15,R,,,10.43381,-84.008072,153.767,153.748
Ariel Aguirre,La Selva,20240529,1116,OHB5025,I,I,I,I,AM,1,F,,,10.43327599,-84.007298,135.676,135.726
Ariel Aguirre,La Selva,20240529,1116,OHB5025,I,I,I,I,AM,2,R,,,10.43327599,-84.007298,135.676,135.726
Ariel Aguirre,La Selva,20240529,1116,OHB5025,I,I,I,I,AM,3,F,,,10.43327599,-84.007298,135.676,135.726
Ariel Aguirre,La Selva,20240529,1116,OHB5025,I,I,I,I,AM,4,F,,,10.43327599,-84.007298,135.676,135.726
Ariel Aguirre,La Selva,20240529,1116,OHB5025,I,I,I,I,AM,5,F,,,10.43327599,-84.007298,135.676,135.726
Ariel Aguirre,La Selva,20240529,1116,OHB5025,I,I,I,I,AM,6,F,,,10.43327599,-84.007298,135.676,135.726
Ariel Aguirre,La Selva,20240529,1116,OHB5025,I,I,I,I,AM,7,R,,,10.43327599,-84.007298,135.676,135.726
Ariel Aguirre,La Selva,20240529,1116,OHB5025,I,I,I,I,AM,8,R,,,10.43327599,-84.007298,135.676,135.726
Ariel Aguirre,La Selva,20240529,1116,OHB5025,I,I,I,I,AM,9,R,,,10.43327599,-84.007298,135.676,135.726
Ariel Aguirre,La Selva,20240529,1116,OHB5025,I,I,I,I,AM,10,R,,,10.43327599,-84.007298,135.676,135.726
Ariel Aguirre,La Selva,20240529,1116,OHB5025,I,I,I,I,AM,11,R,,,10.43327599,-84.007298,135.676,135.726
Ariel Aguirre,La Selva,20240529,1116,OHB5025,I,I,I,I,AM,12,R,,,10.43327599,-84.007298,135.676,135.726
Ariel Aguirre,La Selva,20240529,1116,OHB5025,I,I,I,I,AM,13,R,,,10.43327599,-84.007298,135.676,135.726
Ariel Aguirre,La Selva,20240529,1116,OHB5025,I,I,I,I,AM,14,R,,,10.43327599,-84.007298,135.676,135.726
Ariel Aguirre,La Selva,20240529,1116,OHB5025,I,I,I,I,AM,15,R,,,10.43327599,-84.007298,135.676,135.726
Ariel Aguirre,La Selva,20240530,559,OHB5026,E,E,E,E,AF,1,L,,,10.43150598,-84.003851,8.362,115.06
Ariel Aguirre,La Selva,20240530,559,OHB5026,E,E,E,E,AF,2,L,,,10.43150598,-84.003851,8.362,115.06
Ariel Aguirre,La Selva,20240530,559,OHB5026,E,E,E,E,AF,3,L,,,10.43150598,-84.003851,8.362,115.06
Ariel Aguirre,La Selva,20240530,559,OHB5026,E,E,E,E,AF,4,L,,,10.43150598,-84.003851,8.362,115.06
Ariel Aguirre,La Selva,20240530,559,OHB5026,E,E,E,E,AF,5,L,,,10.43150598,-84.003851,8.362,115.06
Ariel Aguirre,La Selva,20240530,559,OHB5026,E,E,E,E,AF,6,F,,,10.43150598,-84.003851,8.362,115.06
Ariel Aguirre,La Selva,20240530,559,OHB5026,E,E,E,E,AF,7,R,,,10.43150598,-84.003851,8.362,115.06
Ariel Aguirre,La Selva,20240530,559,OHB5026,E,E,E,E,AF,8,R,,,10.43150598,-84.003851,8.362,115.06
Ariel Aguirre,La Selva,20240530,559,OHB5026,E,E,E,E,AF,9,L,,,10.43150598,-84.003851,8.362,115.06
Ariel Aguirre,La Selva,20240530,559,OHB5026,E,E,E,E,AF,10,F,,,10.43150598,-84.003851,8.362,115.06
Ariel Aguirre,La Selva,20240530,559,OHB5026,E,E,E,E,AF,11,F,,,10.43150598,-84.003851,8.362,115.06
Ariel Aguirre,La Selva,20240530,559,OHB5026,E,E,E,E,AF,12,L,,,10.43150598,-84.003851,8.362,115.06
Ariel Aguirre,La Selva,20240530,559,OHB5026,E,E,E,E,AF,13,R,,,10.43150598,-84.003851,8.362,115.06
Ariel Aguirre,La Selva,20240530,559,OHB5026,E,E,E,E,AF,14,R,,,10.43150598,-84.003851,8.362,115.06
Ariel Aguirre,La Selva,20240530,559,OHB5026,E,E,E,E,AF,15,R,,,10.43150598,-84.003851,8.362,115.06
Ariel Aguirre,La Selva,20240530,716,OHB5027,I,I,I,I,AF,1,F,,,10.43329996,-84.007398,145.435,145.436
Ariel Aguirre,La Selva,20240530,716,OHB5027,I,I,I,I,AF,2,R,,,10.43329996,-84.007398,145.435,145.436
Ariel Aguirre,La Selva,20240530,716,OHB5027,I,I,I,I,AF,3,R,,,10.43329996,-84.007398,145.435,145.436
Ariel Aguirre,La Selva,20240530,716,OHB5027,I,I,I,I,AF,4,R,,,10.43329996,-84.007398,145.435,145.436
Ariel Aguirre,La Selva,20240530,716,OHB5027,I,I,I,I,AF,5,L,,,10.43329996,-84.007398,145.435,145.436
Ariel Aguirre,La Selva,20240530,716,OHB5027,I,I,I,I,AF,6,L,,,10.43329996,-84.007398,145.435,145.436
Ariel Aguirre,La Selva,20240530,716,OHB5027,I,I,I,I,AF,7,L,,,10.43329996,-84.007398,145.435,145.436
Ariel Aguirre,La Selva,20240530,716,OHB5027,I,I,I,I,AF,8,L,,,10.43329996,-84.007398,145.435,145.436
Ariel Aguirre,La Selva,20240530,716,OHB5027,I,I,I,I,AF,9,L,,,10.43329996,-84.007398,145.435,145.436
Ariel Aguirre,La Selva,20240530,716,OHB5027,I,I,I,I,AF,10,L,,,10.43329996,-84.007398,145.435,145.436
Ariel Aguirre,La Selva,20240530,716,OHB5027,I,I,I,I,AF,11,L,,,10.43329996,-84.007398,145.435,145.436
Ariel Aguirre,La Selva,20240530,716,OHB5027,I,I,I,I,AF,12,R,,,10.43329996,-84.007398,145.435,145.436
Ariel Aguirre,La Selva,20240530,716,OHB5027,I,I,I,I,AF,13,R,,,10.43329996,-84.007398,145.435,145.436
Ariel Aguirre,La Selva,20240530,716,OHB5027,I,I,I,I,AF,14,R,,,10.43329996,-84.007398,145.435,145.436
Ariel Aguirre,La Selva,20240530,716,OHB5027,I,I,I,I,AF,15,R,,,10.43329996,-84.007398,145.435,145.436
Ariel Aguirre,La Selva,20240530,748,OHB5028,I,I,I,I,AM,1,R,,,10.43345796,-84.007512,146.168,146.193
Ariel Aguirre,La Selva,20240530,748,OHB5028,I,I,I,I,AM,2,R,,,10.43345796,-84.007512,146.168,146.193
Ariel Aguirre,La Selva,20240530,748,OHB5028,I,I,I,I,AM,3,R,,,10.43345796,-84.007512,146.168,146.193
Ariel Aguirre,La Selva,20240530,748,OHB5028,I,I,I,I,AM,4,R,,,10.43345796,-84.007512,146.168,146.193
Ariel Aguirre,La Selva,20240530,748,OHB5028,I,I,I,I,AM,5,R,,,10.43345796,-84.007512,146.168,146.193
Ariel Aguirre,La Selva,20240530,748,OHB5028,I,I,I,I,AM,6,R,,,10.43345796,-84.007512,146.168,146.193
Ariel Aguirre,La Selva,20240530,748,OHB5028,I,I,I,I,AM,7,R,,,10.43345796,-84.007512,146.168,146.193
Ariel Aguirre,La Selva,20240530,748,OHB5028,I,I,I,I,AM,8,R,,,10.43345796,-84.007512,146.168,146.193
Ariel Aguirre,La Selva,20240530,748,OHB5028,I,I,I,I,AM,9,R,,,10.43345796,-84.007512,146.168,146.193
Ariel Aguirre,La Selva,20240530,748,OHB5028,I,I,I,I,AM,10,R,,,10.43345796,-84.007512,146.168,146.193
Ariel Aguirre,La Selva,20240530,748,OHB5028,I,I,I,I,AM,11,R,,,10.43345796,-84.007512,146.168,146.193
Ariel Aguirre,La Selva,20240530,748,OHB5028,I,I,I,I,AM,12,R,,,10.43345796,-84.007512,146.168,146.193
Ariel Aguirre,La Selva,20240530,748,OHB5028,I,I,I,I,AM,13,R,,,10.43345796,-84.007512,146.168,146.193
Ariel Aguirre,La Selva,20240530,748,OHB5028,I,I,I,I,AM,14,R,,,10.43345796,-84.007512,146.168,146.193
Ariel Aguirre,La Selva,20240530,748,OHB5028,I,I,I,I,AM,15,R,,,10.43345796,-84.007512,146.168,146.193
Ariel Aguirre,La Selva,20240530,827,OHB5029,I,I,I,I,AF,1,F,,,10.43346098,-84.007489,144.25,144.277
Ariel Aguirre,La Selva,20240530,827,OHB5029,I,I,I,I,AF,2,R,,,10.43346098,-84.007489,144.25,144.277
Ariel Aguirre,La Selva,20240530,827,OHB5029,I,I,I,I,AF,3,R,,,10.43346098,-84.007489,144.25,144.277
Ariel Aguirre,La Selva,20240530,827,OHB5029,I,I,I,I,AF,4,L,,,10.43346098,-84.007489,144.25,144.277
Ariel Aguirre,La Selva,20240530,827,OHB5029,I,I,I,I,AF,5,R,,,10.43346098,-84.007489,144.25,144.277
Ariel Aguirre,La Selva,20240530,827,OHB5029,I,I,I,I,AF,6,R,,,10.43346098,-84.007489,144.25,144.277
Ariel Aguirre,La Selva,20240530,827,OHB5029,I,I,I,I,AF,7,OV,,,10.43346098,-84.007489,144.25,144.277
Ariel Aguirre,La Selva,20240530,827,OHB5029,I,I,I,I,AF,8,R,,,10.43346098,-84.007489,144.25,144.277
Ariel Aguirre,La Selva,20240530,827,OHB5029,I,I,I,I,AF,9,R,,,10.43346098,-84.007489,144.25,144.277
Ariel Aguirre,La Selva,20240530,827,OHB5029,I,I,I,I,AF,10,R,,,10.43346098,-84.007489,144.25,144.277
Ariel Aguirre,La Selva,20240530,827,OHB5029,I,I,I,I,AF,11,R,,,10.43346098,-84.007489,144.25,144.277
Ariel Aguirre,La Selva,20240530,827,OHB5029,I,I,I,I,AF,12,R,,,10.43346098,-84.007489,144.25,144.277
Ariel Aguirre,La Selva,20240530,827,OHB5029,I,I,I,I,AF,13,R,,,10.43346098,-84.007489,144.25,144.277
Ariel Aguirre,La Selva,20240530,827,OHB5029,I,I,I,I,AF,14,R,,,10.43346098,-84.007489,144.25,144.277
Ariel Aguirre,La Selva,20240530,827,OHB5029,I,I,I,I,AF,15,R,,,10.43346098,-84.007489,144.25,144.277
Ariel Aguirre,La Selva,20240530,859,OHB5030,I,I,I,I,AM,1,R,,,10.43344497,-84.007551,150.076,150.085
Ariel Aguirre,La Selva,20240530,859,OHB5030,I,I,I,I,AM,2,R,,,10.43344497,-84.007551,150.076,150.085
Ariel Aguirre,La Selva,20240530,859,OHB5030,I,I,I,I,AM,3,R,,,10.43344497,-84.007551,150.076,150.085
Ariel Aguirre,La Selva,20240530,859,OHB5030,I,I,I,I,AM,4,R,,,10.43344497,-84.007551,150.076,150.085
Ariel Aguirre,La Selva,20240530,859,OHB5030,I,I,I,I,AM,5,R,,,10.43344497,-84.007551,150.076,150.085
Ariel Aguirre,La Selva,20240530,859,OHB5030,I,I,I,I,AM,6,R,,,10.43344497,-84.007551,150.076,150.085
Ariel Aguirre,La Selva,20240530,859,OHB5030,I,I,I,I,AM,7,R,,,10.43344497,-84.007551,150.076,150.085
Ariel Aguirre,La Selva,20240530,859,OHB5030,I,I,I,I,AM,8,R,,,10.43344497,-84.007551,150.076,150.085
Ariel Aguirre,La Selva,20240530,859,OHB5030,I,I,I,I,AM,9,R,,,10.43344497,-84.007551,150.076,150.085
Ariel Aguirre,La Selva,20240530,859,OHB5030,I,I,I,I,AM,10,R,,,10.43344497,-84.007551,150.076,150.085
Ariel Aguirre,La Selva,20240530,859,OHB5030,I,I,I,I,AM,11,R,,,10.43344497,-84.007551,150.076,150.085
Ariel Aguirre,La Selva,20240530,859,OHB5030,I,I,I,I,AM,12,R,,,10.43344497,-84.007551,150.076,150.085
Ariel Aguirre,La Selva,20240530,859,OHB5030,I,I,I,I,AM,13,OV,,,10.43344497,-84.007551,150.076,150.085
Ariel Aguirre,La Selva,20240530,859,OHB5030,I,I,I,I,AM,14,OV,,,10.43344497,-84.007551,150.076,150.085
Ariel Aguirre,La Selva,20240530,859,OHB5030,I,I,I,I,AM,15,OV,,,10.43344497,-84.007551,150.076,150.085
Ariel Aguirre,La Selva,20240530,1019,OHB5031,E,E,E,E,AM,1,R,,,10.43154001,-84.003868,12.329,115.476
Ariel Aguirre,La Selva,20240530,1019,OHB5031,E,E,E,E,AM,2,R,,,10.43154001,-84.003868,12.329,115.476
Ariel Aguirre,La Selva,20240530,1019,OHB5031,E,E,E,E,AM,3,R,,,10.43154001,-84.003868,12.329,115.476
Ariel Aguirre,La Selva,20240530,1019,OHB5031,E,E,E,E,AM,4,R,,,10.43154001,-84.003868,12.329,115.476
Ariel Aguirre,La Selva,20240530,1019,OHB5031,E,E,E,E,AM,5,R,,,10.43154001,-84.003868,12.329,115.476
Ariel Aguirre,La Selva,20240530,1019,OHB5031,E,E,E,E,AM,6,R,,,10.43154001,-84.003868,12.329,115.476
Ariel Aguirre,La Selva,20240530,1019,OHB5031,E,E,E,E,AM,7,R,,,10.43154001,-84.003868,12.329,115.476
Ariel Aguirre,La Selva,20240530,1019,OHB5031,E,E,E,E,AM,8,R,,,10.43154001,-84.003868,12.329,115.476
Ariel Aguirre,La Selva,20240530,1019,OHB5031,E,E,E,E,AM,9,R,,,10.43154001,-84.003868,12.329,115.476
Ariel Aguirre,La Selva,20240530,1019,OHB5031,E,E,E,E,AM,10,R,,,10.43154001,-84.003868,12.329,115.476
Ariel Aguirre,La Selva,20240530,1019,OHB5031,E,E,E,E,AM,11,R,,,10.43154001,-84.003868,12.329,115.476
Ariel Aguirre,La Selva,20240530,1019,OHB5031,E,E,E,E,AM,12,R,,,10.43154001,-84.003868,12.329,115.476
Ariel Aguirre,La Selva,20240530,1019,OHB5031,E,E,E,E,AM,13,F,,,10.43154001,-84.003868,12.329,115.476
Ariel Aguirre,La Selva,20240530,1019,OHB5031,E,E,E,E,AM,14,F,,,10.43154001,-84.003868,12.329,115.476
Ariel Aguirre,La Selva,20240530,1019,OHB5031,E,E,E,E,AM,15,F,,,10.43154001,-84.003868,12.329,115.476
Ariel Aguirre,La Selva,20240530,1051,OHB5032,E,E,E,E,AF,1,R,,,10.43154303,-84.003889,12.943,113.703
Ariel Aguirre,La Selva,20240530,1051,OHB5032,E,E,E,E,AF,2,R,,,10.43154303,-84.003889,12.943,113.703
Ariel Aguirre,La Selva,20240530,1051,OHB5032,E,E,E,E,AF,3,R,,,10.43154303,-84.003889,12.943,113.703
Ariel Aguirre,La Selva,20240530,1051,OHB5032,E,E,E,E,AF,4,R,,,10.43154303,-84.003889,12.943,113.703
Ariel Aguirre,La Selva,20240530,1051,OHB5032,E,E,E,E,AF,5,R,,,10.43154303,-84.003889,12.943,113.703
Ariel Aguirre,La Selva,20240530,1051,OHB5032,E,E,E,E,AF,6,R,,,10.43154303,-84.003889,12.943,113.703
Ariel Aguirre,La Selva,20240530,1051,OHB5032,E,E,E,E,AF,7,R,,,10.43154303,-84.003889,12.943,113.703
Ariel Aguirre,La Selva,20240530,1051,OHB5032,E,E,E,E,AF,8,R,,,10.43154303,-84.003889,12.943,113.703
Ariel Aguirre,La Selva,20240530,1051,OHB5032,E,E,E,E,AF,9,R,,,10.43154303,-84.003889,12.943,113.703
Ariel Aguirre,La Selva,20240530,1051,OHB5032,E,E,E,E,AF,10,R,,,10.43154303,-84.003889,12.943,113.703
Ariel Aguirre,La Selva,20240530,1051,OHB5032,E,E,E,E,AF,11,R,,,10.43154303,-84.003889,12.943,113.703
Ariel Aguirre,La Selva,20240530,1051,OHB5032,E,E,E,E,AF,12,R,,,10.43154303,-84.003889,12.943,113.703
Ariel Aguirre,La Selva,20240530,1051,OHB5032,E,E,E,E,AF,13,R,,,10.43154303,-84.003889,12.943,113.703
Ariel Aguirre,La Selva,20240530,1051,OHB5032,E,E,E,E,AF,14,R,,,10.43154303,-84.003889,12.943,113.703
Ariel Aguirre,La Selva,20240530,1051,OHB5032,E,E,E,E,AF,15,R,,,10.43154303,-84.003889,12.943,113.703
Ariel Aguirre,La Selva,20240530,1122,OHB5033,E,E,E,E,AM,1,R,,,10.43156298,-84.003912,15.443,112.74
Ariel Aguirre,La Selva,20240530,1122,OHB5033,E,E,E,E,AM,2,R,,,10.43156298,-84.003912,15.443,112.74
Ariel Aguirre,La Selva,20240530,1122,OHB5033,E,E,E,E,AM,3,R,,,10.43156298,-84.003912,15.443,112.74
Ariel Aguirre,La Selva,20240530,1122,OHB5033,E,E,E,E,AM,4,R,,,10.43156298,-84.003912,15.443,112.74
Ariel Aguirre,La Selva,20240530,1122,OHB5033,E,E,E,E,AM,5,F,,,10.43156298,-84.003912,15.443,112.74
Ariel Aguirre,La Selva,20240530,1122,OHB5033,E,E,E,E,AM,6,L,,,10.43156298,-84.003912,15.443,112.74
Ariel Aguirre,La Selva,20240530,1122,OHB5033,E,E,E,E,AM,7,R,,,10.43156298,-84.003912,15.443,112.74
Ariel Aguirre,La Selva,20240530,1122,OHB5033,E,E,E,E,AM,8,R,,,10.43156298,-84.003912,15.443,112.74
Ariel Aguirre,La Selva,20240530,1122,OHB5033,E,E,E,E,AM,9,R,,,10.43156298,-84.003912,15.443,112.74
Ariel Aguirre,La Selva,20240530,1122,OHB5033,E,E,E,E,AM,10,R,,,10.43156298,-84.003912,15.443,112.74
Ariel Aguirre,La Selva,20240530,1122,OHB5033,E,E,E,E,AM,11,R,,,10.43156298,-84.003912,15.443,112.74
Ariel Aguirre,La Selva,20240530,1122,OHB5033,E,E,E,E,AM,12,R,,,10.43156298,-84.003912,15.443,112.74
Ariel Aguirre,La Selva,20240530,1122,OHB5033,E,E,E,E,AM,13,R,,,10.43156298,-84.003912,15.443,112.74
Ariel Aguirre,La Selva,20240530,1122,OHB5033,E,E,E,E,AM,14,R,,,10.43156298,-84.003912,15.443,112.74
Ariel Aguirre,La Selva,20240530,1122,OHB5033,E,E,E,E,AM,15,L,,,10.43156298,-84.003912,15.443,112.74
Ariel Aguirre,La Selva,20240531,752,OHB5034,B,E,E,B,AF,1,R,,,10.43174998,-84.00488,24.75,24.769
Ariel Aguirre,La Selva,20240531,752,OHB5034,B,E,E,B,AF,2,R,,,10.43174998,-84.00488,24.75,24.769
Ariel Aguirre,La Selva,20240531,752,OHB5034,B,E,E,B,AF,3,R,,,10.43174998,-84.00488,24.75,24.769
Ariel Aguirre,La Selva,20240531,752,OHB5034,B,E,E,B,AF,4,R,,,10.43174998,-84.00488,24.75,24.769
Ariel Aguirre,La Selva,20240531,752,OHB5034,B,E,E,B,AF,5,R,,,10.43174998,-84.00488,24.75,24.769
Ariel Aguirre,La Selva,20240531,752,OHB5034,B,E,E,B,AF,6,R,,,10.43174998,-84.00488,24.75,24.769
Ariel Aguirre,La Selva,20240531,752,OHB5034,B,E,E,B,AF,7,R,,,10.43174998,-84.00488,24.75,24.769
Ariel Aguirre,La Selva,20240531,752,OHB5034,B,E,E,B,AF,8,R,,,10.43174998,-84.00488,24.75,24.769
Ariel Aguirre,La Selva,20240531,752,OHB5034,B,E,E,B,AF,9,R,,,10.43174998,-84.00488,24.75,24.769
Ariel Aguirre,La Selva,20240531,752,OHB5034,B,E,E,B,AF,10,R,,,10.43174998,-84.00488,24.75,24.769
Ariel Aguirre,La Selva,20240531,752,OHB5034,B,E,E,B,AF,11,R,,,10.43174998,-84.00488,24.75,24.769
Ariel Aguirre,La Selva,20240531,752,OHB5034,B,E,E,B,AF,12,R,,,10.43174998,-84.00488,24.75,24.769
Ariel Aguirre,La Selva,20240531,752,OHB5034,B,E,E,B,AF,13,R,,,10.43174998,-84.00488,24.75,24.769
Ariel Aguirre,La Selva,20240531,752,OHB5034,B,E,E,B,AF,14,R,,,10.43174998,-84.00488,24.75,24.769
Ariel Aguirre,La Selva,20240531,752,OHB5034,B,E,E,B,AF,15,R,,,10.43174998,-84.00488,24.75,24.769
Ariel Aguirre,La Selva,20240531,825,OHB5035,B,E,E,E,AF,1,R,,,10.43192902,-84.004706,26.026,50.401
Ariel Aguirre,La Selva,20240531,825,OHB5035,B,E,E,E,AF,2,R,,,10.43192902,-84.004706,26.026,50.401
Ariel Aguirre,La Selva,20240531,825,OHB5035,B,E,E,E,AF,3,R,,,10.43192902,-84.004706,26.026,50.401
Ariel Aguirre,La Selva,20240531,825,OHB5035,B,E,E,E,AF,4,R,,,10.43192902,-84.004706,26.026,50.401
Ariel Aguirre,La Selva,20240531,825,OHB5035,B,E,E,E,AF,5,R,,,10.43192902,-84.004706,26.026,50.401
Ariel Aguirre,La Selva,20240531,825,OHB5035,B,E,E,E,AF,6,R,,,10.43192902,-84.004706,26.026,50.401
Ariel Aguirre,La Selva,20240531,825,OHB5035,B,E,E,E,AF,7,R,,,10.43192902,-84.004706,26.026,50.401
Ariel Aguirre,La Selva,20240531,825,OHB5035,B,E,E,E,AF,8,R,,,10.43192902,-84.004706,26.026,50.401
Ariel Aguirre,La Selva,20240531,825,OHB5035,B,E,E,E,AF,9,R,,,10.43192902,-84.004706,26.026,50.401
Ariel Aguirre,La Selva,20240531,825,OHB5035,B,E,E,E,AF,10,R,,,10.43192902,-84.004706,26.026,50.401
Ariel Aguirre,La Selva,20240531,825,OHB5035,B,E,E,E,AF,11,R,,,10.43192902,-84.004706,26.026,50.401
Ariel Aguirre,La Selva,20240531,825,OHB5035,B,E,E,E,AF,12,R,,,10.43192902,-84.004706,26.026,50.401
Ariel Aguirre,La Selva,20240531,825,OHB5035,B,E,E,E,AF,13,F,,,10.43192902,-84.004706,26.026,50.401
Ariel Aguirre,La Selva,20240531,825,OHB5035,B,E,E,E,AF,14,F,,,10.43192902,-84.004706,26.026,50.401
Ariel Aguirre,La Selva,20240531,825,OHB5035,B,E,E,E,AF,15,L,,,10.43192902,-84.004706,26.026,50.401
Ariel Aguirre,La Selva,20240531,859,OHB5036,B,E,E,B,AF,1,R,,,10.431952,-84.004731,29.61,49.041
Ariel Aguirre,La Selva,20240531,859,OHB5036,B,E,E,B,AF,2,R,,,10.431952,-84.004731,29.61,49.041
Ariel Aguirre,La Selva,20240531,859,OHB5036,B,E,E,B,AF,3,R,,,10.431952,-84.004731,29.61,49.041
Ariel Aguirre,La Selva,20240531,859,OHB5036,B,E,E,B,AF,4,R,,,10.431952,-84.004731,29.61,49.041
Ariel Aguirre,La Selva,20240531,859,OHB5036,B,E,E,B,AF,5,R,,,10.431952,-84.004731,29.61,49.041
Ariel Aguirre,La Selva,20240531,859,OHB5036,B,E,E,B,AF,6,R,,,10.431952,-84.004731,29.61,49.041
Ariel Aguirre,La Selva,20240531,859,OHB5036,B,E,E,B,AF,7,R,,,10.431952,-84.004731,29.61,49.041
Ariel Aguirre,La Selva,20240531,859,OHB5036,B,E,E,B,AF,8,L,,,10.431952,-84.004731,29.61,49.041
Ariel Aguirre,La Selva,20240531,859,OHB5036,B,E,E,B,AF,9,R,,,10.431952,-84.004731,29.61,49.041
Ariel Aguirre,La Selva,20240531,859,OHB5036,B,E,E,B,AF,10,F,,,10.431952,-84.004731,29.61,49.041
Ariel Aguirre,La Selva,20240531,859,OHB5036,B,E,E,B,AF,11,R,,,10.431952,-84.004731,29.61,49.041
Ariel Aguirre,La Selva,20240531,859,OHB5036,B,E,E,B,AF,12,R,,,10.431952,-84.004731,29.61,49.041
Ariel Aguirre,La Selva,20240531,859,OHB5036,B,E,E,B,AF,13,R,,,10.431952,-84.004731,29.61,49.041
Ariel Aguirre,La Selva,20240531,859,OHB5036,B,E,E,B,AF,14,R,,,10.431952,-84.004731,29.61,49.041
Ariel Aguirre,La Selva,20240531,859,OHB5036,B,E,E,B,AF,15,R,,,10.431952,-84.004731,29.61,49.041
Ariel Aguirre,La Selva,20240531,929,OHB5037,B,E,E,E,AF,1,R,,,10.43196003,-84.004723,29.932,50.21
Ariel Aguirre,La Selva,20240531,929,OHB5037,B,E,E,E,AF,2,R,,,10.43196003,-84.004723,29.932,50.21
Ariel Aguirre,La Selva,20240531,929,OHB5037,B,E,E,E,AF,3,R,,,10.43196003,-84.004723,29.932,50.21
Ariel Aguirre,La Selva,20240531,929,OHB5037,B,E,E,E,AF,4,R,,,10.43196003,-84.004723,29.932,50.21
Ariel Aguirre,La Selva,20240531,929,OHB5037,B,E,E,E,AF,5,R,,,10.43196003,-84.004723,29.932,50.21
Ariel Aguirre,La Selva,20240531,929,OHB5037,B,E,E,E,AF,6,R,,,10.43196003,-84.004723,29.932,50.21
Ariel Aguirre,La Selva,20240531,929,OHB5037,B,E,E,E,AF,7,R,,,10.43196003,-84.004723,29.932,50.21
Ariel Aguirre,La Selva,20240531,929,OHB5037,B,E,E,E,AF,8,R,,,10.43196003,-84.004723,29.932,50.21
Ariel Aguirre,La Selva,20240531,929,OHB5037,B,E,E,E,AF,9,R,,,10.43196003,-84.004723,29.932,50.21
Ariel Aguirre,La Selva,20240531,929,OHB5037,B,E,E,E,AF,10,R,,,10.43196003,-84.004723,29.932,50.21
Ariel Aguirre,La Selva,20240531,929,OHB5037,B,E,E,E,AF,11,R,,,10.43196003,-84.004723,29.932,50.21
Ariel Aguirre,La Selva,20240531,929,OHB5037,B,E,E,E,AF,12,R,,,10.43196003,-84.004723,29.932,50.21
Ariel Aguirre,La Selva,20240531,929,OHB5037,B,E,E,E,AF,13,R,,,10.43196003,-84.004723,29.932,50.21
Ariel Aguirre,La Selva,20240531,929,OHB5037,B,E,E,E,AF,14,R,,,10.43196003,-84.004723,29.932,50.21
Ariel Aguirre,La Selva,20240531,929,OHB5037,B,E,E,E,AF,15,R,,,10.43196003,-84.004723,29.932,50.21
Ariel Aguirre,La Selva,20240531,1011,OHB5038,B,E,E,B,AF,1,R,,,10.43132803,-84.004889,8.1,8.04
Ariel Aguirre,La Selva,20240531,1011,OHB5038,B,E,E,B,AF,2,R,,,10.43132803,-84.004889,8.1,8.04
Ariel Aguirre,La Selva,20240531,1011,OHB5038,B,E,E,B,AF,3,R,,,10.43132803,-84.004889,8.1,8.04
Ariel Aguirre,La Selva,20240531,1011,OHB5038,B,E,E,B,AF,4,R,,,10.43132803,-84.004889,8.1,8.04
Ariel Aguirre,La Selva,20240531,1011,OHB5038,B,E,E,B,AF,5,R,,,10.43132803,-84.004889,8.1,8.04
Ariel Aguirre,La Selva,20240531,1011,OHB5038,B,E,E,B,AF,6,R,,,10.43132803,-84.004889,8.1,8.04
Ariel Aguirre,La Selva,20240531,1011,OHB5038,B,E,E,B,AF,7,R,,,10.43132803,-84.004889,8.1,8.04
Ariel Aguirre,La Selva,20240531,1011,OHB5038,B,E,E,B,AF,8,R,,,10.43132803,-84.004889,8.1,8.04
Ariel Aguirre,La Selva,20240531,1011,OHB5038,B,E,E,B,AF,9,R,,,10.43132803,-84.004889,8.1,8.04
Ariel Aguirre,La Selva,20240531,1011,OHB5038,B,E,E,B,AF,10,R,,,10.43132803,-84.004889,8.1,8.04
Ariel Aguirre,La Selva,20240531,1011,OHB5038,B,E,E,B,AF,11,R,,,10.43132803,-84.004889,8.1,8.04
Ariel Aguirre,La Selva,20240531,1011,OHB5038,B,E,E,B,AF,12,R,,,10.43132803,-84.004889,8.1,8.04
Ariel Aguirre,La Selva,20240531,1011,OHB5038,B,E,E,B,AF,13,R,,,10.43132803,-84.004889,8.1,8.04
Ariel Aguirre,La Selva,20240531,1011,OHB5038,B,E,E,B,AF,14,R,,,10.43132803,-84.004889,8.1,8.04
Ariel Aguirre,La Selva,20240531,1011,OHB5038,B,E,E,B,AF,15,R,,,10.43132803,-84.004889,8.1,8.04
Ariel Aguirre,La Selva,20240531,1042,OHB5039,B,E,E,B,AM,1,R,,,10.43133801,-84.004862,11.256,11.166
Ariel Aguirre,La Selva,20240531,1042,OHB5039,B,E,E,B,AM,2,R,,,10.43133801,-84.004862,11.256,11.166
Ariel Aguirre,La Selva,20240531,1042,OHB5039,B,E,E,B,AM,3,R,,,10.43133801,-84.004862,11.256,11.166
Ariel Aguirre,La Selva,20240531,1042,OHB5039,B,E,E,B,AM,4,R,,,10.43133801,-84.004862,11.256,11.166
Ariel Aguirre,La Selva,20240531,1042,OHB5039,B,E,E,B,AM,5,R,,,10.43133801,-84.004862,11.256,11.166
Ariel Aguirre,La Selva,20240531,1042,OHB5039,B,E,E,B,AM,6,R,,,10.43133801,-84.004862,11.256,11.166
Ariel Aguirre,La Selva,20240531,1042,OHB5039,B,E,E,B,AM,7,R,,,10.43133801,-84.004862,11.256,11.166
Ariel Aguirre,La Selva,20240531,1042,OHB5039,B,E,E,B,AM,8,R,,,10.43133801,-84.004862,11.256,11.166
Ariel Aguirre,La Selva,20240531,1042,OHB5039,B,E,E,B,AM,9,R,,,10.43133801,-84.004862,11.256,11.166
Ariel Aguirre,La Selva,20240531,1042,OHB5039,B,E,E,B,AM,10,R,,,10.43133801,-84.004862,11.256,11.166
Ariel Aguirre,La Selva,20240531,1042,OHB5039,B,E,E,B,AM,11,R,,,10.43133801,-84.004862,11.256,11.166
Ariel Aguirre,La Selva,20240531,1042,OHB5039,B,E,E,B,AM,12,R,,,10.43133801,-84.004862,11.256,11.166
Ariel Aguirre,La Selva,20240531,1042,OHB5039,B,E,E,B,AM,13,R,,,10.43133801,-84.004862,11.256,11.166
Ariel Aguirre,La Selva,20240531,1042,OHB5039,B,E,E,B,AM,14,F,,,10.43133801,-84.004862,11.256,11.166
Ariel Aguirre,La Selva,20240531,1042,OHB5039,B,E,E,B,AM,15,F,,,10.43133801,-84.004862,11.256,11.166
Ariel Aguirre,La Selva,20240531,1113,OHB5040,B,E,E,B,AM,1,L,,,10.43134103,-84.004938,3.417,3.429
Ariel Aguirre,La Selva,20240531,1113,OHB5040,B,E,E,B,AM,2,R,,,10.43134103,-84.004938,3.417,3.429
Ariel Aguirre,La Selva,20240531,1113,OHB5040,B,E,E,B,AM,3,R,,,10.43134103,-84.004938,3.417,3.429
Ariel Aguirre,La Selva,20240531,1113,OHB5040,B,E,E,B,AM,4,R,,,10.43134103,-84.004938,3.417,3.429
Ariel Aguirre,La Selva,20240531,1113,OHB5040,B,E,E,B,AM,5,R,,,10.43134103,-84.004938,3.417,3.429
Ariel Aguirre,La Selva,20240531,1113,OHB5040,B,E,E,B,AM,6,R,,,10.43134103,-84.004938,3.417,3.429
Ariel Aguirre,La Selva,20240531,1113,OHB5040,B,E,E,B,AM,7,R,,,10.43134103,-84.004938,3.417,3.429
Ariel Aguirre,La Selva,20240531,1113,OHB5040,B,E,E,B,AM,8,R,,,10.43134103,-84.004938,3.417,3.429
Ariel Aguirre,La Selva,20240531,1113,OHB5040,B,E,E,B,AM,9,R,,,10.43134103,-84.004938,3.417,3.429
Ariel Aguirre,La Selva,20240531,1113,OHB5040,B,E,E,B,AM,10,R,,,10.43134103,-84.004938,3.417,3.429
Ariel Aguirre,La Selva,20240531,1113,OHB5040,B,E,E,B,AM,11,R,,,10.43134103,-84.004938,3.417,3.429
Ariel Aguirre,La Selva,20240531,1113,OHB5040,B,E,E,B,AM,12,R,,,10.43134103,-84.004938,3.417,3.429
Ariel Aguirre,La Selva,20240531,1113,OHB5040,B,E,E,B,AM,13,R,,,10.43134103,-84.004938,3.417,3.429
Ariel Aguirre,La Selva,20240531,1113,OHB5040,B,E,E,B,AM,14,R,,,10.43134103,-84.004938,3.417,3.429
Ariel Aguirre,La Selva,20240531,1113,OHB5040,B,E,E,B,AM,15,F,,,10.43134103,-84.004938,3.417,3.429
Ariel Aguirre,La Selva,20240531,1145,OHB5041,B,E,E,B,AM,1,R,,,10.431337,-84.004974,0.487,0
Ariel Aguirre,La Selva,20240531,1145,OHB5041,B,E,E,B,AM,2,R,,,10.431337,-84.004974,0.487,0
Ariel Aguirre,La Selva,20240531,1145,OHB5041,B,E,E,B,AM,3,R,,,10.431337,-84.004974,0.487,0
Ariel Aguirre,La Selva,20240531,1145,OHB5041,B,E,E,B,AM,4,F,,,10.431337,-84.004974,0.487,0
Ariel Aguirre,La Selva,20240531,1145,OHB5041,B,E,E,B,AM,5,F,,,10.431337,-84.004974,0.487,0
Ariel Aguirre,La Selva,20240531,1145,OHB5041,B,E,E,B,AM,6,F,,,10.431337,-84.004974,0.487,0
Ariel Aguirre,La Selva,20240531,1145,OHB5041,B,E,E,B,AM,7,F,,,10.431337,-84.004974,0.487,0
Ariel Aguirre,La Selva,20240531,1145,OHB5041,B,E,E,B,AM,8,F,,,10.431337,-84.004974,0.487,0
Ariel Aguirre,La Selva,20240531,1145,OHB5041,B,E,E,B,AM,9,R,,,10.431337,-84.004974,0.487,0
Ariel Aguirre,La Selva,20240531,1145,OHB5041,B,E,E,B,AM,10,R,,,10.431337,-84.004974,0.487,0
Ariel Aguirre,La Selva,20240531,1145,OHB5041,B,E,E,B,AM,11,R,,,10.431337,-84.004974,0.487,0
Ariel Aguirre,La Selva,20240531,1145,OHB5041,B,E,E,B,AM,12,R,,,10.431337,-84.004974,0.487,0
Ariel Aguirre,La Selva,20240531,1145,OHB5041,B,E,E,B,AM,13,R,,,10.431337,-84.004974,0.487,0
Ariel Aguirre,La Selva,20240531,1145,OHB5041,B,E,E,B,AM,14,R,,,10.431337,-84.004974,0.487,0
Ariel Aguirre,La Selva,20240531,1145,OHB5041,B,E,E,B,AM,15,R,,,10.431337,-84.004974,0.487,0
Ariel Aguirre,La Selva,20240531,1302,OHB5042,B,E,E,B,AM,1,R,,,10.43131697,-84.004869,9.408,9.369
Ariel Aguirre,La Selva,20240531,1302,OHB5042,B,E,E,B,AM,2,R,,,10.43131697,-84.004869,9.408,9.369
Ariel Aguirre,La Selva,20240531,1302,OHB5042,B,E,E,B,AM,3,R,,,10.43131697,-84.004869,9.408,9.369
Ariel Aguirre,La Selva,20240531,1302,OHB5042,B,E,E,B,AM,4,R,,,10.43131697,-84.004869,9.408,9.369
Ariel Aguirre,La Selva,20240531,1302,OHB5042,B,E,E,B,AM,5,R,,,10.43131697,-84.004869,9.408,9.369
Ariel Aguirre,La Selva,20240531,1302,OHB5042,B,E,E,B,AM,6,R,,,10.43131697,-84.004869,9.408,9.369
Ariel Aguirre,La Selva,20240531,1302,OHB5042,B,E,E,B,AM,7,R,,,10.43131697,-84.004869,9.408,9.369
Ariel Aguirre,La Selva,20240531,1302,OHB5042,B,E,E,B,AM,8,R,,,10.43131697,-84.004869,9.408,9.369
Ariel Aguirre,La Selva,20240531,1302,OHB5042,B,E,E,B,AM,9,R,,,10.43131697,-84.004869,9.408,9.369
Ariel Aguirre,La Selva,20240531,1302,OHB5042,B,E,E,B,AM,10,R,,,10.43131697,-84.004869,9.408,9.369
Ariel Aguirre,La Selva,20240531,1302,OHB5042,B,E,E,B,AM,11,R,,,10.43131697,-84.004869,9.408,9.369
Ariel Aguirre,La Selva,20240531,1302,OHB5042,B,E,E,B,AM,12,R,,,10.43131697,-84.004869,9.408,9.369
Ariel Aguirre,La Selva,20240531,1302,OHB5042,B,E,E,B,AM,13,F,,,10.43131697,-84.004869,9.408,9.369
Ariel Aguirre,La Selva,20240531,1302,OHB5042,B,E,E,B,AM,14,F,,,10.43131697,-84.004869,9.408,9.369
Ariel Aguirre,La Selva,20240531,1302,OHB5042,B,E,E,B,AM,15,F,,,10.43131697,-84.004869,9.408,9.369
Ariel Aguirre,La Selva,20240601,836,OHB5043,I,I,I,I,AM,1,R,,,10.43332502,-84.007376,142.327,142.341
Ariel Aguirre,La Selva,20240601,836,OHB5043,I,I,I,I,AM,2,R,,,10.43332502,-84.007376,142.327,142.341
Ariel Aguirre,La Selva,20240601,836,OHB5043,I,I,I,I,AM,3,R,,,10.43332502,-84.007376,142.327,142.341
Ariel Aguirre,La Selva,20240601,836,OHB5043,I,I,I,I,AM,4,R,,,10.43332502,-84.007376,142.327,142.341
Ariel Aguirre,La Selva,20240601,836,OHB5043,I,I,I,I,AM,5,R,,,10.43332502,-84.007376,142.327,142.341
Ariel Aguirre,La Selva,20240601,836,OHB5043,I,I,I,I,AM,6,R,,,10.43332502,-84.007376,142.327,142.341
Ariel Aguirre,La Selva,20240601,836,OHB5043,I,I,I,I,AM,7,R,,,10.43332502,-84.007376,142.327,142.341
Ariel Aguirre,La Selva,20240601,836,OHB5043,I,I,I,I,AM,8,R,,,10.43332502,-84.007376,142.327,142.341
Ariel Aguirre,La Selva,20240601,836,OHB5043,I,I,I,I,AM,9,L,,,10.43332502,-84.007376,142.327,142.341
Ariel Aguirre,La Selva,20240601,836,OHB5043,I,I,I,I,AM,10,R,,,10.43332502,-84.007376,142.327,142.341
Ariel Aguirre,La Selva,20240601,836,OHB5043,I,I,I,I,AM,11,F,,,10.43332502,-84.007376,142.327,142.341
Ariel Aguirre,La Selva,20240601,836,OHB5043,I,I,I,I,AM,12,F,,,10.43332502,-84.007376,142.327,142.341
Ariel Aguirre,La Selva,20240601,836,OHB5043,I,I,I,I,AM,13,F,,,10.43332502,-84.007376,142.327,142.341
Ariel Aguirre,La Selva,20240601,836,OHB5043,I,I,I,I,AM,14,OV,,,10.43332502,-84.007376,142.327,142.341
Ariel Aguirre,La Selva,20240601,836,OHB5043,I,I,I,I,AM,15,F,,,10.43332502,-84.007376,142.327,142.341
Ariel Aguirre,La Selva,20240601,907,OHB5044,I,I,I,I,A,1,F,,,10.43331496,-84.007178,121.842,121.892
Ariel Aguirre,La Selva,20240601,907,OHB5044,I,I,I,I,A,2,R,,,10.43331496,-84.007178,121.842,121.892
Ariel Aguirre,La Selva,20240601,907,OHB5044,I,I,I,I,A,3,R,,,10.43331496,-84.007178,121.842,121.892
Ariel Aguirre,La Selva,20240601,907,OHB5044,I,I,I,I,A,4,R,,,10.43331496,-84.007178,121.842,121.892
Ariel Aguirre,La Selva,20240601,907,OHB5044,I,I,I,I,A,5,R,,,10.43331496,-84.007178,121.842,121.892
Ariel Aguirre,La Selva,20240601,907,OHB5044,I,I,I,I,A,6,R,,,10.43331496,-84.007178,121.842,121.892
Ariel Aguirre,La Selva,20240601,907,OHB5044,I,I,I,I,A,7,L,,,10.43331496,-84.007178,121.842,121.892
Ariel Aguirre,La Selva,20240601,907,OHB5044,I,I,I,I,A,8,F,,,10.43331496,-84.007178,121.842,121.892
Ariel Aguirre,La Selva,20240601,907,OHB5044,I,I,I,I,A,9,F,,,10.43331496,-84.007178,121.842,121.892
Ariel Aguirre,La Selva,20240601,907,OHB5044,I,I,I,I,A,10,F,,,10.43331496,-84.007178,121.842,121.892
Ariel Aguirre,La Selva,20240601,907,OHB5044,I,I,I,I,A,11,F,,,10.43331496,-84.007178,121.842,121.892
Ariel Aguirre,La Selva,20240601,907,OHB5044,I,I,I,I,A,12,R,,,10.43331496,-84.007178,121.842,121.892
Ariel Aguirre,La Selva,20240601,907,OHB5044,I,I,I,I,A,13,R,,,10.43331496,-84.007178,121.842,121.892
Ariel Aguirre,La Selva,20240601,907,OHB5044,I,I,I,I,A,14,R,,,10.43331496,-84.007178,121.842,121.892
Ariel Aguirre,La Selva,20240601,907,OHB5044,I,I,I,I,A,15,R,,,10.43331496,-84.007178,121.842,121.892
Ariel Aguirre,La Selva,20240601,939,OHB5045,I,I,I,I,A,1,R,,,10.43328596,-84.007138,118.577,118.61
Ariel Aguirre,La Selva,20240601,939,OHB5045,I,I,I,I,A,2,R,,,10.43328596,-84.007138,118.577,118.61
Ariel Aguirre,La Selva,20240601,939,OHB5045,I,I,I,I,A,3,R,,,10.43328596,-84.007138,118.577,118.61
Ariel Aguirre,La Selva,20240601,939,OHB5045,I,I,I,I,A,4,R,,,10.43328596,-84.007138,118.577,118.61
Ariel Aguirre,La Selva,20240601,939,OHB5045,I,I,I,I,A,5,R,,,10.43328596,-84.007138,118.577,118.61
Ariel Aguirre,La Selva,20240601,939,OHB5045,I,I,I,I,A,6,R,,,10.43328596,-84.007138,118.577,118.61
Ariel Aguirre,La Selva,20240601,939,OHB5045,I,I,I,I,A,7,R,,,10.43328596,-84.007138,118.577,118.61
Ariel Aguirre,La Selva,20240601,939,OHB5045,I,I,I,I,A,8,R,,,10.43328596,-84.007138,118.577,118.61
Ariel Aguirre,La Selva,20240601,939,OHB5045,I,I,I,I,A,9,R,,,10.43328596,-84.007138,118.577,118.61
Ariel Aguirre,La Selva,20240601,939,OHB5045,I,I,I,I,A,10,R,,,10.43328596,-84.007138,118.577,118.61
Ariel Aguirre,La Selva,20240601,939,OHB5045,I,I,I,I,A,11,R,,,10.43328596,-84.007138,118.577,118.61
Ariel Aguirre,La Selva,20240601,939,OHB5045,I,I,I,I,A,12,R,,,10.43328596,-84.007138,118.577,118.61
Ariel Aguirre,La Selva,20240601,939,OHB5045,I,I,I,I,A,13,R,,,10.43328596,-84.007138,118.577,118.61
Ariel Aguirre,La Selva,20240601,939,OHB5045,I,I,I,I,A,14,R,,,10.43328596,-84.007138,118.577,118.61
Ariel Aguirre,La Selva,20240601,939,OHB5045,I,I,I,I,A,15,R,,,10.43328596,-84.007138,118.577,118.61
Ariel Aguirre,La Selva,20240601,1009,OHB5046,I,I,I,I,A,1,R,,,10.43322603,-84.007277,135.084,135.127
Ariel Aguirre,La Selva,20240601,1009,OHB5046,I,I,I,I,A,2,R,,,10.43322603,-84.007277,135.084,135.127
Ariel Aguirre,La Selva,20240601,1009,OHB5046,I,I,I,I,A,3,R,,,10.43322603,-84.007277,135.084,135.127
Ariel Aguirre,La Selva,20240601,1009,OHB5046,I,I,I,I,A,4,R,,,10.43322603,-84.007277,135.084,135.127
Ariel Aguirre,La Selva,20240601,1009,OHB5046,I,I,I,I,A,5,R,,,10.43322603,-84.007277,135.084,135.127
Ariel Aguirre,La Selva,20240601,1009,OHB5046,I,I,I,I,A,6,R,,,10.43322603,-84.007277,135.084,135.127
Ariel Aguirre,La Selva,20240601,1009,OHB5046,I,I,I,I,A,7,R,,,10.43322603,-84.007277,135.084,135.127
Ariel Aguirre,La Selva,20240601,1009,OHB5046,I,I,I,I,A,8,R,,,10.43322603,-84.007277,135.084,135.127
Ariel Aguirre,La Selva,20240601,1009,OHB5046,I,I,I,I,A,9,R,,,10.43322603,-84.007277,135.084,135.127
Ariel Aguirre,La Selva,20240601,1009,OHB5046,I,I,I,I,A,10,R,,,10.43322603,-84.007277,135.084,135.127
Ariel Aguirre,La Selva,20240601,1009,OHB5046,I,I,I,I,A,11,R,,,10.43322603,-84.007277,135.084,135.127
Ariel Aguirre,La Selva,20240601,1009,OHB5046,I,I,I,I,A,12,R,,,10.43322603,-84.007277,135.084,135.127
Ariel Aguirre,La Selva,20240601,1009,OHB5046,I,I,I,I,A,13,M,,,10.43322603,-84.007277,135.084,135.127
Ariel Aguirre,La Selva,20240601,1009,OHB5046,I,I,I,I,A,14,M,,,10.43322603,-84.007277,135.084,135.127
Ariel Aguirre,La Selva,20240601,1009,OHB5046,I,I,I,I,A,15,R,,,10.43322603,-84.007277,135.084,135.127
Ariel Aguirre,La Selva,20240601,1051,OHB5047,E,E,E,E,A,1,R,,,10.43083099,-84.007151,0,210.901
Ariel Aguirre,La Selva,20240601,1051,OHB5047,E,E,E,E,A,2,R,,,10.43083099,-84.007151,0,210.901
Ariel Aguirre,La Selva,20240601,1051,OHB5047,E,E,E,E,A,3,R,,,10.43083099,-84.007151,0,210.901
Ariel Aguirre,La Selva,20240601,1051,OHB5047,E,E,E,E,A,4,R,,,10.43083099,-84.007151,0,210.901
Ariel Aguirre,La Selva,20240601,1051,OHB5047,E,E,E,E,A,5,R,,,10.43083099,-84.007151,0,210.901
Ariel Aguirre,La Selva,20240601,1051,OHB5047,E,E,E,E,A,6,R,,,10.43083099,-84.007151,0,210.901
Ariel Aguirre,La Selva,20240601,1051,OHB5047,E,E,E,E,A,7,R,,,10.43083099,-84.007151,0,210.901
Ariel Aguirre,La Selva,20240601,1051,OHB5047,E,E,E,E,A,8,R,,,10.43083099,-84.007151,0,210.901
Ariel Aguirre,La Selva,20240601,1051,OHB5047,E,E,E,E,A,9,R,,,10.43083099,-84.007151,0,210.901
Ariel Aguirre,La Selva,20240601,1051,OHB5047,E,E,E,E,A,10,R,,,10.43083099,-84.007151,0,210.901
Ariel Aguirre,La Selva,20240601,1051,OHB5047,E,E,E,E,A,11,R,,,10.43083099,-84.007151,0,210.901
Ariel Aguirre,La Selva,20240601,1051,OHB5047,E,E,E,E,A,12,R,,,10.43083099,-84.007151,0,210.901
Ariel Aguirre,La Selva,20240601,1051,OHB5047,E,E,E,E,A,13,R,,,10.43083099,-84.007151,0,210.901
Ariel Aguirre,La Selva,20240601,1051,OHB5047,E,E,E,E,A,14,R,,,10.43083099,-84.007151,0,210.901
Ariel Aguirre,La Selva,20240601,1051,OHB5047,E,E,E,E,A,15,R,,,10.43083099,-84.007151,0,210.901
Ariel Aguirre,La Selva,20240602,805,OHB5048,B,E,E,B,AF,1,OV,,,10.42948301,-84.004297,18.412,18.401
Ariel Aguirre,La Selva,20240602,805,OHB5048,B,E,E,B,AF,2,OV,,,10.42948301,-84.004297,18.412,18.401
Ariel Aguirre,La Selva,20240602,805,OHB5048,B,E,E,B,AF,3,OV,,,10.42948301,-84.004297,18.412,18.401
Ariel Aguirre,La Selva,20240602,805,OHB5048,B,E,E,B,AF,4,L,,,10.42948301,-84.004297,18.412,18.401
Ariel Aguirre,La Selva,20240602,805,OHB5048,B,E,E,B,AF,5,F,,,10.42948301,-84.004297,18.412,18.401
Ariel Aguirre,La Selva,20240602,805,OHB5048,B,E,E,B,AF,6,F,,,10.42948301,-84.004297,18.412,18.401
Ariel Aguirre,La Selva,20240602,805,OHB5048,B,E,E,B,AF,7,F,,,10.42948301,-84.004297,18.412,18.401
Ariel Aguirre,La Selva,20240602,805,OHB5048,B,E,E,B,AF,8,L,,,10.42948301,-84.004297,18.412,18.401
Ariel Aguirre,La Selva,20240602,805,OHB5048,B,E,E,B,AF,9,R,,,10.42948301,-84.004297,18.412,18.401
Ariel Aguirre,La Selva,20240602,805,OHB5048,B,E,E,B,AF,10,L,,,10.42948301,-84.004297,18.412,18.401
Ariel Aguirre,La Selva,20240602,805,OHB5048,B,E,E,B,AF,11,R,,,10.42948301,-84.004297,18.412,18.401
Ariel Aguirre,La Selva,20240602,805,OHB5048,B,E,E,B,AF,12,L,,,10.42948301,-84.004297,18.412,18.401
Ariel Aguirre,La Selva,20240602,805,OHB5048,B,E,E,B,AF,13,F,,,10.42948301,-84.004297,18.412,18.401
Ariel Aguirre,La Selva,20240602,805,OHB5048,B,E,E,B,AF,14,OV,,,10.42948301,-84.004297,18.412,18.401
Ariel Aguirre,La Selva,20240602,805,OHB5048,B,E,E,B,AF,15,OV,,,10.42948301,-84.004297,18.412,18.401
Ariel Aguirre,La Selva,20240602,855,OHB5049,I,I,I,I,AM,1,R,,,10.43343902,-84.007478,145.299,145.325
Ariel Aguirre,La Selva,20240602,855,OHB5049,I,I,I,I,AM,2,R,,,10.43343902,-84.007478,145.299,145.325
Ariel Aguirre,La Selva,20240602,855,OHB5049,I,I,I,I,AM,3,R,,,10.43343902,-84.007478,145.299,145.325
Ariel Aguirre,La Selva,20240602,855,OHB5049,I,I,I,I,AM,4,R,,,10.43343902,-84.007478,145.299,145.325
Ariel Aguirre,La Selva,20240602,855,OHB5049,I,I,I,I,AM,5,R,,,10.43343902,-84.007478,145.299,145.325
Ariel Aguirre,La Selva,20240602,855,OHB5049,I,I,I,I,AM,6,R,,,10.43343902,-84.007478,145.299,145.325
Ariel Aguirre,La Selva,20240602,855,OHB5049,I,I,I,I,AM,7,R,,,10.43343902,-84.007478,145.299,145.325
Ariel Aguirre,La Selva,20240602,855,OHB5049,I,I,I,I,AM,8,R,,,10.43343902,-84.007478,145.299,145.325
Ariel Aguirre,La Selva,20240602,855,OHB5049,I,I,I,I,AM,9,R,,,10.43343902,-84.007478,145.299,145.325
Ariel Aguirre,La Selva,20240602,855,OHB5049,I,I,I,I,AM,10,R,,,10.43343902,-84.007478,145.299,145.325
Ariel Aguirre,La Selva,20240602,855,OHB5049,I,I,I,I,AM,11,R,,,10.43343902,-84.007478,145.299,145.325
Ariel Aguirre,La Selva,20240602,855,OHB5049,I,I,I,I,AM,12,R,,,10.43343902,-84.007478,145.299,145.325
Ariel Aguirre,La Selva,20240602,855,OHB5049,I,I,I,I,AM,13,R,,,10.43343902,-84.007478,145.299,145.325
Ariel Aguirre,La Selva,20240602,855,OHB5049,I,I,I,I,AM,14,R,,,10.43343902,-84.007478,145.299,145.325
Ariel Aguirre,La Selva,20240602,855,OHB5049,I,I,I,I,AM,15,R,,,10.43343902,-84.007478,145.299,145.325
Ariel Aguirre,La Selva,20240602,925,OHB5050,I,I,I,I,AF,1,R,,,10.433465,-84.007444,140.692,140.713
Ariel Aguirre,La Selva,20240602,925,OHB5050,I,I,I,I,AF,2,R,,,10.433465,-84.007444,140.692,140.713
Ariel Aguirre,La Selva,20240602,925,OHB5050,I,I,I,I,AF,3,R,,,10.433465,-84.007444,140.692,140.713
Ariel Aguirre,La Selva,20240602,925,OHB5050,I,I,I,I,AF,4,R,,,10.433465,-84.007444,140.692,140.713
Ariel Aguirre,La Selva,20240602,925,OHB5050,I,I,I,I,AF,5,R,,,10.433465,-84.007444,140.692,140.713
Ariel Aguirre,La Selva,20240602,925,OHB5050,I,I,I,I,AF,6,R,,,10.433465,-84.007444,140.692,140.713
Ariel Aguirre,La Selva,20240602,925,OHB5050,I,I,I,I,AF,7,R,,,10.433465,-84.007444,140.692,140.713
Ariel Aguirre,La Selva,20240602,925,OHB5050,I,I,I,I,AF,8,R,,,10.433465,-84.007444,140.692,140.713
Ariel Aguirre,La Selva,20240602,925,OHB5050,I,I,I,I,AF,9,R,,,10.433465,-84.007444,140.692,140.713
Ariel Aguirre,La Selva,20240602,925,OHB5050,I,I,I,I,AF,10,R,,,10.433465,-84.007444,140.692,140.713
Ariel Aguirre,La Selva,20240602,925,OHB5050,I,I,I,I,AF,11,R,,,10.433465,-84.007444,140.692,140.713
Ariel Aguirre,La Selva,20240602,925,OHB5050,I,I,I,I,AF,12,R,,,10.433465,-84.007444,140.692,140.713
Ariel Aguirre,La Selva,20240602,925,OHB5050,I,I,I,I,AF,13,R,,,10.433465,-84.007444,140.692,140.713
Ariel Aguirre,La Selva,20240602,925,OHB5050,I,I,I,I,AF,14,R,,,10.433465,-84.007444,140.692,140.713
Ariel Aguirre,La Selva,20240602,925,OHB5050,I,I,I,I,AF,15,R,,,10.433465,-84.007444,140.692,140.713
Ariel Aguirre,La Selva,20240602,955,OHB5051,I,I,I,I,AM,1,R,,,10.43334003,-84.007396,143.979,143.978
Ariel Aguirre,La Selva,20240602,955,OHB5051,I,I,I,I,AM,2,R,,,10.43334003,-84.007396,143.979,143.978
Ariel Aguirre,La Selva,20240602,955,OHB5051,I,I,I,I,AM,3,R,,,10.43334003,-84.007396,143.979,143.978
Ariel Aguirre,La Selva,20240602,955,OHB5051,I,I,I,I,AM,4,R,,,10.43334003,-84.007396,143.979,143.978
Ariel Aguirre,La Selva,20240602,955,OHB5051,I,I,I,I,AM,5,R,,,10.43334003,-84.007396,143.979,143.978
Ariel Aguirre,La Selva,20240602,955,OHB5051,I,I,I,I,AM,6,R,,,10.43334003,-84.007396,143.979,143.978
Ariel Aguirre,La Selva,20240602,955,OHB5051,I,I,I,I,AM,7,R,,,10.43334003,-84.007396,143.979,143.978
Ariel Aguirre,La Selva,20240602,955,OHB5051,I,I,I,I,AM,8,R,,,10.43334003,-84.007396,143.979,143.978
Ariel Aguirre,La Selva,20240602,955,OHB5051,I,I,I,I,AM,9,R,,,10.43334003,-84.007396,143.979,143.978
Ariel Aguirre,La Selva,20240602,955,OHB5051,I,I,I,I,AM,10,R,,,10.43334003,-84.007396,143.979,143.978
Ariel Aguirre,La Selva,20240602,955,OHB5051,I,I,I,I,AM,11,R,,,10.43334003,-84.007396,143.979,143.978
Ariel Aguirre,La Selva,20240602,955,OHB5051,I,I,I,I,AM,12,R,,,10.43334003,-84.007396,143.979,143.978
Ariel Aguirre,La Selva,20240602,955,OHB5051,I,I,I,I,AM,13,R,,,10.43334003,-84.007396,143.979,143.978
Ariel Aguirre,La Selva,20240602,955,OHB5051,I,I,I,I,AM,14,R,,,10.43334003,-84.007396,143.979,143.978
Ariel Aguirre,La Selva,20240602,955,OHB5051,I,I,I,I,AM,15,R,,,10.43334003,-84.007396,143.979,143.978
Ariel Aguirre,La Selva,20240603,802,OHB5052,B,E,E,B,AF,1,R,,,NA,NA,NA,NA
Ariel Aguirre,La Selva,20240603,802,OHB5052,B,E,E,B,AF,2,R,,,NA,NA,NA,NA
Ariel Aguirre,La Selva,20240603,802,OHB5052,B,E,E,B,AF,3,R,,,NA,NA,NA,NA
Ariel Aguirre,La Selva,20240603,802,OHB5052,B,E,E,B,AF,4,R,,,NA,NA,NA,NA
Ariel Aguirre,La Selva,20240603,802,OHB5052,B,E,E,B,AF,5,R,,,NA,NA,NA,NA
Ariel Aguirre,La Selva,20240603,802,OHB5052,B,E,E,B,AF,6,R,,,NA,NA,NA,NA
Ariel Aguirre,La Selva,20240603,802,OHB5052,B,E,E,B,AF,7,R,,,NA,NA,NA,NA
Ariel Aguirre,La Selva,20240603,802,OHB5052,B,E,E,B,AF,8,R,,,NA,NA,NA,NA
Ariel Aguirre,La Selva,20240603,802,OHB5052,B,E,E,B,AF,9,R,,,NA,NA,NA,NA
Ariel Aguirre,La Selva,20240603,802,OHB5052,B,E,E,B,AF,10,R,,,NA,NA,NA,NA
Ariel Aguirre,La Selva,20240603,802,OHB5052,B,E,E,B,AF,11,R,,,NA,NA,NA,NA
Ariel Aguirre,La Selva,20240603,802,OHB5052,B,E,E,B,AF,12,R,,,NA,NA,NA,NA
Ariel Aguirre,La Selva,20240603,802,OHB5052,B,E,E,B,AF,13,R,,,NA,NA,NA,NA
Ariel Aguirre,La Selva,20240603,802,OHB5052,B,E,E,B,AF,14,R,,,NA,NA,NA,NA
Ariel Aguirre,La Selva,20240603,802,OHB5052,B,E,E,B,AF,15,R,,,NA,NA,NA,NA
Ariel Aguirre,La Selva,20240603,928,OHB5053,I,I,I,I,AF,1,F,,,NA,NA,NA,NA
Ariel Aguirre,La Selva,20240603,928,OHB5053,I,I,I,I,AF,2,F,,,NA,NA,NA,NA
Ariel Aguirre,La Selva,20240603,928,OHB5053,I,I,I,I,AF,3,F,,,NA,NA,NA,NA
Ariel Aguirre,La Selva,20240603,928,OHB5053,I,I,I,I,AF,4,F,,,NA,NA,NA,NA
Ariel Aguirre,La Selva,20240603,928,OHB5053,I,I,I,I,AF,5,OV,,,NA,NA,NA,NA
Ariel Aguirre,La Selva,20240603,928,OHB5053,I,I,I,I,AF,6,L,,,NA,NA,NA,NA
Ariel Aguirre,La Selva,20240603,928,OHB5053,I,I,I,I,AF,7,F,,,NA,NA,NA,NA
Ariel Aguirre,La Selva,20240603,928,OHB5053,I,I,I,I,AF,8,F,,,NA,NA,NA,NA
Ariel Aguirre,La Selva,20240603,928,OHB5053,I,I,I,I,AF,9,F,,,NA,NA,NA,NA
Ariel Aguirre,La Selva,20240603,928,OHB5053,I,I,I,I,AF,10,F,,,NA,NA,NA,NA
Ariel Aguirre,La Selva,20240603,928,OHB5053,I,I,I,I,AF,11,F,,,NA,NA,NA,NA
Ariel Aguirre,La Selva,20240603,928,OHB5053,I,I,I,I,AF,12,R,,,NA,NA,NA,NA
Ariel Aguirre,La Selva,20240603,928,OHB5053,I,I,I,I,AF,13,OV,,,NA,NA,NA,NA
Ariel Aguirre,La Selva,20240603,928,OHB5053,I,I,I,I,AF,14,OV,,,NA,NA,NA,NA
Ariel Aguirre,La Selva,20240603,928,OHB5053,I,I,I,I,AF,15,OV,,,NA,NA,NA,NA
Ariel Aguirre,La Selva,20240603,1000,OHB5054,I,I,I,I,AM,1,R,,,NA,NA,NA,NA
Ariel Aguirre,La Selva,20240603,1000,OHB5054,I,I,I,I,AM,2,R,,,NA,NA,NA,NA
Ariel Aguirre,La Selva,20240603,1000,OHB5054,I,I,I,I,AM,3,R,,,NA,NA,NA,NA
Ariel Aguirre,La Selva,20240603,1000,OHB5054,I,I,I,I,AM,4,R,,,NA,NA,NA,NA
Ariel Aguirre,La Selva,20240603,1000,OHB5054,I,I,I,I,AM,5,R,,,NA,NA,NA,NA
Ariel Aguirre,La Selva,20240603,1000,OHB5054,I,I,I,I,AM,6,R,,,NA,NA,NA,NA
Ariel Aguirre,La Selva,20240603,1000,OHB5054,I,I,I,I,AM,7,R,,,NA,NA,NA,NA
Ariel Aguirre,La Selva,20240603,1000,OHB5054,I,I,I,I,AM,8,R,,,NA,NA,NA,NA
Ariel Aguirre,La Selva,20240603,1000,OHB5054,I,I,I,I,AM,9,R,,,NA,NA,NA,NA
Ariel Aguirre,La Selva,20240603,1000,OHB5054,I,I,I,I,AM,10,R,,,NA,NA,NA,NA
Ariel Aguirre,La Selva,20240603,1000,OHB5054,I,I,I,I,AM,11,R,,,NA,NA,NA,NA
Ariel Aguirre,La Selva,20240603,1000,OHB5054,I,I,I,I,AM,12,R,,,NA,NA,NA,NA
Ariel Aguirre,La Selva,20240603,1000,OHB5054,I,I,I,I,AM,13,R,,,NA,NA,NA,NA
Ariel Aguirre,La Selva,20240603,1000,OHB5054,I,I,I,I,AM,14,R,,,NA,NA,NA,NA
Ariel Aguirre,La Selva,20240603,1000,OHB5054,I,I,I,I,AM,15,R,,,NA,NA,NA,NA
Ariel Aguirre,La Selva,20240603,1032,OHB5055,I,I,I,I,A,1,R,,,NA,NA,NA,NA
Ariel Aguirre,La Selva,20240603,1032,OHB5055,I,I,I,I,A,2,F,,,NA,NA,NA,NA
Ariel Aguirre,La Selva,20240603,1032,OHB5055,I,I,I,I,A,3,L,,,NA,NA,NA,NA
Ariel Aguirre,La Selva,20240603,1032,OHB5055,I,I,I,I,A,4,OV,,,NA,NA,NA,NA
Ariel Aguirre,La Selva,20240603,1032,OHB5055,I,I,I,I,A,5,L,,,NA,NA,NA,NA
Ariel Aguirre,La Selva,20240603,1032,OHB5055,I,I,I,I,A,6,R,,,NA,NA,NA,NA
Ariel Aguirre,La Selva,20240603,1032,OHB5055,I,I,I,I,A,7,R,,,NA,NA,NA,NA
Ariel Aguirre,La Selva,20240603,1032,OHB5055,I,I,I,I,A,8,R,,,NA,NA,NA,NA
Ariel Aguirre,La Selva,20240603,1032,OHB5055,I,I,I,I,A,9,R,,,NA,NA,NA,NA
Ariel Aguirre,La Selva,20240603,1032,OHB5055,I,I,I,I,A,10,R,,,NA,NA,NA,NA
Ariel Aguirre,La Selva,20240603,1032,OHB5055,I,I,I,I,A,11,R,,,NA,NA,NA,NA
Ariel Aguirre,La Selva,20240603,1032,OHB5055,I,I,I,I,A,12,R,,,NA,NA,NA,NA
Ariel Aguirre,La Selva,20240603,1032,OHB5055,I,I,I,I,A,13,R,,,NA,NA,NA,NA
Ariel Aguirre,La Selva,20240603,1032,OHB5055,I,I,I,I,A,14,R,,,NA,NA,NA,NA
Ariel Aguirre,La Selva,20240603,1032,OHB5055,I,I,I,I,A,15,R,,,NA,NA,NA,NA
,,,,,,,,,,,,,,,,,
